id,root,number,sense,salish,nicodemus,symbol,english,grammar,crossref,variant,cognate,editnote,userId,createdAt,updatedAt
"1","'a'","0","1","'a'","'a'","'?'","'hello.'","'gr.'","''","''","null","null","1","'2020-08-14T20:51:51.093+00:00'","'2020-08-14T20:51:51.093+00:00'"
"2","'a'","0","2","'a'","'a?'","''","'so. (lit. Is that so?),'","'adv.'","''","''","null","null","1","'2020-08-14T20:51:51.117+00:00'","'2020-08-14T20:51:51.117+00:00'"
"3","'a'","0","3","'a·'","'aaaa...!'","''","'cut out, knock off!, quit, stop. (lit. Cut it out!, Knock it off, quit it, Stop it!),'","'imper.'","''","''","null","null","1","'2020-08-14T20:51:51.126+00:00'","'2020-08-14T20:51:51.126+00:00'"
"4","'a'","0","4","'aye'","'aye'","''","'hey.'","'adv.'","''","''","null","null","1","'2020-08-14T20:51:51.131+00:00'","'2020-08-14T20:51:51.131+00:00'"
"5","'bc'","0","1","'buc'","'buts'","'?'","'boots.'","'n.'","''","''","null","null","1","'2020-08-14T20:51:51.142+00:00'","'2020-08-14T20:51:51.142+00:00'"
"6","'bc'","0","2","'ec+búc+buc=?n'","'etsbutsbutsshn'","'//'","'boots (to be wearing...). (lit. He is wearing boots)'","'n.'","''","''","null","null","1","'2020-08-14T20:51:51.152+00:00'","'2020-08-14T20:51:51.152+00:00'"
"7","'bc'","0","3","'s+búc+buc=?n'","'sbutsbutsshn'","''","'boot. (lit. a borrowed root)'","'n.'","''","''","null","null","1","'2020-08-14T20:51:51.16+00:00'","'2020-08-14T20:51:51.16+00:00'"
"8","'bc'","0","4","'s+búc+buc=?n+m?'","'sbutsbutsshnmsh'","''","'rubber boots (putting on...).'","'vt., pl.n.'","''","''","null","null","1","'2020-08-14T20:51:51.173+00:00'","'2020-08-14T20:51:51.173+00:00'"
"9","'bl'","0","1","'bu·lí'","'buuli'","'?'","'bull.'","'n.'","''","''","null","null","1","'2020-08-14T20:51:51.178+00:00'","'2020-08-14T20:51:51.178+00:00'"
"10","'bm'","1","1","'bam'","'bam'","'?'","'go (...fast and far), speeded (be...), be versatile.'","'stem vi.'","''","''","null","null","1","'2020-08-14T20:51:51.185+00:00'","'2020-08-14T20:51:51.185+00:00'"
"11","'bm'","1","2","'bam'","'bam'","''","'intoxicated.'","'stem vi.'","''","''","null","null","1","'2020-08-14T20:51:51.196+00:00'","'2020-08-14T20:51:51.196+00:00'"
"12","'bm'","1","3","'bám+bm+t'","'bambmt'","''","'speedy (H/s is...).'","'adj.'","''","':'","null","null","1","'2020-08-14T20:51:51.207+00:00'","'2020-08-14T20:51:51.207+00:00'"
"13","'bm'","1","4","'bam+p'","'bamp'","''","'speeded (He...), tipsy (He became...).'","'vi.'","''","''","null","null","1","'2020-08-14T20:51:51.211+00:00'","'2020-08-14T20:51:51.211+00:00'"
"14","'bm'","1","5","'s+bam+p'","'sbamp'","''","'speeding.'","'v.'","''","''","null","null","1","'2020-08-14T20:51:51.228+00:00'","'2020-08-14T20:51:51.228+00:00'"
"15","'bm'","1","6","'ic+bam+p'","'itsbamp'","''","'intoxicated (H/s is being...). (lit. H/s is speeding)'","'vt.'","''","''","null","null","1","'2020-08-14T20:51:51.239+00:00'","'2020-08-14T20:51:51.239+00:00'"
"16","'bm'","1","7","'ni?+b[a]m+p=aw'es'","'ni'bmpa'wes'","'//'","'orgy. (lit. there is speeding or intoxication among them)'","'n.'","''","''","null","null","1","'2020-08-14T20:51:51.254+00:00'","'2020-08-14T20:51:51.254+00:00'"
"17","'bm'","2","1","'bem'","'bem'","'?'","'buzz.'","'stem vi.'","''","''","null","null","1","'2020-08-14T20:51:51.266+00:00'","'2020-08-14T20:51:51.266+00:00'"
"18","'bm'","2","2","'b[e]m'","'bm'","''","'roar (...of motor or engine).'","'stem vi.'","''","''","null","null","1","'2020-08-14T20:51:51.282+00:00'","'2020-08-14T20:51:51.282+00:00'"
"19","'bm'","2","3","'is+bém+b[m]+i?'","'isbembish'","''","'whirr. (lit. It is...),'","'vi.'","''","''","null","null","1","'2020-08-14T20:51:51.294+00:00'","'2020-08-14T20:51:51.294+00:00'"
"20","'bm'","2","4","'is+bem+bm+i?'","'isbembmish'","''","'buzz. (lit. It is...)'","'vi.'","''","''","null","null","1","'2020-08-14T20:51:51.312+00:00'","'2020-08-14T20:51:51.312+00:00'"
"21","'bm'","2","5","'is+bém+bm+i?'","'isbembmish'","''","'hum, humming. (lit. H/s is making humming sounds/purring)'","'vi., vt.'","''","''","null","null","1","'2020-08-14T20:51:51.321+00:00'","'2020-08-14T20:51:51.321+00:00'"
"22","'bm'","2","6","'s+bém+bm+i?'","'sbembmish'","''","'humming, any humming sound.'","'n.'","''","''","null","null","1","'2020-08-14T20:51:51.328+00:00'","'2020-08-14T20:51:51.328+00:00'"
"23","'bm'","2","7","'s+t+bém+bm'","'stbembm'","''","'bumblebee, hummingbird.'","'n.'","''","''","null","null","1","'2020-08-14T20:51:51.339+00:00'","'2020-08-14T20:51:51.339+00:00'"
"24","'bm'","2","8","'s+t+bem+bm'","'stbembm'","''","'hummingbird.'","'n.'","''","''","null","null","1","'2020-08-14T20:51:51.345+00:00'","'2020-08-14T20:51:51.345+00:00'"
"25","'bm'","2","9","'u+b[e]m+m+m'","'ubmmm'","''","'humming (continuous...).'","'n.'","''","''","null","null","1","'2020-08-14T20:51:51.355+00:00'","'2020-08-14T20:51:51.355+00:00'"
"26","'bn'","0","1","'benéne'","'benene'","'?'","'banana.'","'n.'","''","''","null","null","1","'2020-08-14T20:51:51.36+00:00'","'2020-08-14T20:51:51.36+00:00'"
"27","'bns'","0","1","'bins'","'bins'","'?'","'bean. (l.w. from Engl.)'","'n.'","''","''","null","null","1","'2020-08-14T20:51:51.37+00:00'","'2020-08-14T20:51:51.37+00:00'"
"28","'bnwh'","0","1","'s+bi·nwáh=ulumx?'","'Sbiinwahulumkhw'","'//'","'Benewah County. (lit. Benewah land, named after a Coeur d'Alene)'","'n.'","''","''","null","null","1","'2020-08-14T20:51:51.378+00:00'","'2020-08-14T20:51:51.378+00:00'"
"29","'bs'","0","1","'s+t+bi·só'","'stbiiso'","'?'","'dragonfly.'","'n.'","''","''","null","null","1","'2020-08-14T20:51:51.389+00:00'","'2020-08-14T20:51:51.389+00:00'"
"30","'btlym'","0","1","'be·tlyém'","'beetlyem'","'?'","'Bethlehem.'","'n.'","''","''","null","null","1","'2020-08-14T20:51:51.396+00:00'","'2020-08-14T20:51:51.396+00:00'"
"31","'cc'","0","1","'s+?n[t]+coc'","'Schntsots'","'§'","'Canada, British. (Canada (lit. Indian (or peo­ple) of George)'","'adj.'","''","':'","null","null","1","'2020-08-14T20:51:51.404+00:00'","'2020-08-14T20:51:51.404+00:00'"
"32","'cc'","0","2","'g?? s+?in[t]+cóc'","'gu? schintsots'","''","'Angles. (lit. King George men'","'n.'","''","''","null","null","1","'2020-08-14T20:51:51.42+00:00'","'2020-08-14T20:51:51.42+00:00'"
"33","'cc'","0","3","'ul s+?in[t]+cóc'","'ul schintsots'","''","'Anglican. (lit. pertaining to King George's men)'","'n.'","''","''","null","null","1","'2020-08-14T20:51:51.427+00:00'","'2020-08-14T20:51:51.427+00:00'"
"34","'cc'","0","4","'ul s+?en[t]+cóc ha s+q'?enp''","'ul schentsots ha sq'wenp''","''","'sunset (Canadian...).'","'n.'","''","''","null","null","1","'2020-08-14T20:51:51.44+00:00'","'2020-08-14T20:51:51.44+00:00'"
"35","'cc'","0","5","'elu+s+x?em=ín? e s+?in[t]+coc'","'elusqheminch e Schntsots'","''","'Anglophobe, (lit. One who does not love England).'","'n.'","''","''","null","null","1","'2020-08-14T20:51:51.453+00:00'","'2020-08-14T20:51:51.453+00:00'"
"36","'c?'","0","1","'ce?'","'tsech'","'?'","'thunder.'","'stem vi.'","''","''","null","null","1","'2020-08-14T20:51:51.467+00:00'","'2020-08-14T20:51:51.467+00:00'"
"37","'c?''","0","1","'ce?''","'tsech''","''","'lightening striking.'","''","''","''","null","null","1","'2020-08-14T20:51:51.485+00:00'","'2020-08-14T20:51:51.485+00:00'"
"38","'cg?'","1","1","'ceg?'","'tsegw'","'?'","'behave, character (to have...).'","'stem n.'","''","''","null","null","1","'2020-08-14T20:51:51.493+00:00'","'2020-08-14T20:51:51.493+00:00'"
"39","'cg?'","1","2","'ceg?+t'","'tsegwt'","''","'character, custom, nature, structure (the moral or ethical...of a person or group).'","'n.'","''","''","null","null","1","'2020-08-14T20:51:51.506+00:00'","'2020-08-14T20:51:51.506+00:00'"
"40","'cg?'","1","3","'ceg?+t+s'","'tsegwts'","''","'nature (his...). (lit. the way he was born)'","'n.'","''","''","null","null","1","'2020-08-14T20:51:51.515+00:00'","'2020-08-14T20:51:51.515+00:00'"
"41","'cg?'","1","4","'cug?=ílt+m'","'tsugwiltm'","'//'","'begat. (lit. H/s begat children)'","'vt.'","''","''","null","null","1","'2020-08-14T20:51:51.526+00:00'","'2020-08-14T20:51:51.526+00:00'"
"42","'cg?'","1","5","'i+cug?=ílt+m?'","'itsugwiltmsh'","''","'breed. (lit. He is producing off­spring)'","'vt.'","''","''","null","null","1","'2020-08-14T20:51:51.535+00:00'","'2020-08-14T20:51:51.535+00:00'"
"43","'cg?'","1","6","'s+cug?=ílt+m'","'stsugwiltm'","''","'begetting offspring.'","'vi.'","''","''","null","null","1","'2020-08-14T20:51:51.542+00:00'","'2020-08-14T20:51:51.542+00:00'"
"44","'cg?'","1","7","'s+n+cug?+cug?=í?t'","'sntsugwtsugwicht'","''","'burlesque. (lit. imitation)'","'n.'","''","''","null","null","1","'2020-08-14T20:51:51.552+00:00'","'2020-08-14T20:51:51.552+00:00'"
"45","'cg?'","1","8","'sye+n+cug?+cug?=í?t'","'syentsugwtsugwicht'","''","'copycat, imitator.'","'n.'","''","''","null","null","1","'2020-08-14T20:51:51.56+00:00'","'2020-08-14T20:51:51.56+00:00'"
"46","'cg?'","1","9","'s+n+ceg?=elt?nún?t'","'sntsegweltnunt'","'?'","'concupiscence. (lit. desire to beget children (morally)'","'n.'","''","''","null","null","1","'2020-08-14T20:51:51.574+00:00'","'2020-08-14T20:51:51.574+00:00'"
"47","'cg?'","1","10","'s+n+cug?=elt?núm?t'","'sntsugweltnumt'","''","'aphrodisiac. (lit. desire for be­getting offspring, progeny, young)'","'n.'","''","''","null","null","1","'2020-08-14T20:51:51.581+00:00'","'2020-08-14T20:51:51.581+00:00'"
"48","'cg?'","1","11","'cug?+cug?+ús?n't?s'","'tsugwtsugus'nts'","''","'demonstrate. (lit. He gave him a example)'","'vt.'","''","''","null","null","1","'2020-08-14T20:51:51.595+00:00'","'2020-08-14T20:51:51.595+00:00'"
"49","'cg?'","1","12","'hn+cug?+cug?=í?+s?nt?s'","'hntsugwtsugwichsnts'","''","'copy, emulate, imitate. (lit. He imitated him)'","'vt.'","''","''","null","null","1","'2020-08-14T20:51:51.609+00:00'","'2020-08-14T20:51:51.609+00:00'"
"50","'cg?'","1","13","'s+ceg?+es+?ínt'","'stsegweschint'","'§'","'animal magnetism, archetype. (lit. animal example, model; model for a human being; talisman, anything that has a magical effect)'","'n.'","''","''","null","null","1","'2020-08-14T20:51:51.62+00:00'","'2020-08-14T20:51:51.62+00:00'"
"51","'cg?'","1","14","'s+ceg?+es+?int'","'stsegweschint'","''","'model (example for a person).'","'n.'","''","''","null","null","1","'2020-08-14T20:51:51.629+00:00'","'2020-08-14T20:51:51.629+00:00'"
"52","'cg?'","1","15","'s+cug?+cug?+s+?ín't'","'stsugwtsuguschi'nt'","''","'demonstration. (lit. teaching a person by one's own example)'","'n.'","''","''","null","null","1","'2020-08-14T20:51:51.637+00:00'","'2020-08-14T20:51:51.637+00:00'"
"53","'cg?'","1","16","'g?l+g?l+?+cég?+t'","'gwlgwl?tsegwt'","''","'weird. (lit. He does queer things)'","'adj.'","''","':'","null","null","1","'2020-08-14T20:51:51.644+00:00'","'2020-08-14T20:51:51.644+00:00'"
"54","'cg?'","1","17","'ti?x?+e?+cég?+t'","'ti'khwe?tsegwt'","''","'acquire (to...). (lit. He acquired a way (habit)'","'vt.'","''","''","null","null","1","'2020-08-14T20:51:51.659+00:00'","'2020-08-14T20:51:51.659+00:00'"
"55","'cg?'","1","18","'e+t'ix?l+m+?+cég?+t'","'et'ikhwlm?tsegwt'","''","'eccentric, odd, queer, strange. (lit. H/s has different ways)'","'vi., adj.'","''","':'","null","null","1","'2020-08-14T20:51:51.673+00:00'","'2020-08-14T20:51:51.673+00:00'"
"56","'cg?'","1","19","'s+t'ix?l+m+?+cég?+t'","'st'ikhwlm?tsegwt'","''","'eccentricity, idiosyncrasy, peculiarity. (eccentricity, idiosyncrasy, peculiarity (lit. differences of a person's ways)'","'n.'","''","''","null","null","1","'2020-08-14T20:51:51.691+00:00'","'2020-08-14T20:51:51.691+00:00'"
"57","'cg?'","1","20","'t'ix?l+m+?+cég??nt?m'","'t'ikhwlm?tsegwntm'","''","'denature. (lit. He was changed as to his nature)'","'v.'","''","''","null","null","1","'2020-08-14T20:51:51.699+00:00'","'2020-08-14T20:51:51.699+00:00'"
"58","'cg?'","1","21","'sul+sul+?+cég?+t'","'sulsul?tsegwt'","''","'bleak. (lit. He has a somber and gloomy manner (nature('","'n.'","''","''","null","null","1","'2020-08-14T20:51:51.724+00:00'","'2020-08-14T20:51:51.724+00:00'"
"59","'cg?'","1","22","'?'s+e?+cég?+t'","'ch'se?tsegwt'","''","'cad, churl. (lit. He has bad manners?an ungentlemanly man)'","'n.'","''","''","null","null","1","'2020-08-14T20:51:51.737+00:00'","'2020-08-14T20:51:51.737+00:00'"
"60","'cg?'","1","23","'sl'+sl'+e?+cég?+t'","'s'ls'le?tsegwt'","''","'block?head, chump. (lit. A person who is uncer­tain in his ways)'","'n.'","''","''","null","null","1","'2020-08-14T20:51:51.741+00:00'","'2020-08-14T20:51:51.741+00:00'"
"61","'cg?'","1","24","'?'s+e?+cég?+t he s+mi?y+em'","'ch'se?tsegwt he smi'yem'","''","'cotquean. (lit. woman of bad manners)'","'n.'","''","''","null","null","1","'2020-08-14T20:51:51.749+00:00'","'2020-08-14T20:51:51.749+00:00'"
"62","'cg?'","1","25","'ec+me?+m+?+cég?+t'","'etsme'm?tsegwt'","''","'effeminate. (lit. He is delicate or unmanly)'","'adj.'","''","':'","null","null","1","'2020-08-14T20:51:51.758+00:00'","'2020-08-14T20:51:51.758+00:00'"
"63","'cg?'","1","26","'pin?+ceg?+t'","'pinchtsegwt'","''","'customary, usual.'","'adj.'","''","':'","null","null","1","'2020-08-14T20:51:51.763+00:00'","'2020-08-14T20:51:51.763+00:00'"
"64","'cg?'","1","27","'?e+?'is+e?+ceg?+t'","'?ech'ise?tsegwt'","''","'boor. (lit. one who has bad manners)'","'n.'","''","''","null","null","1","'2020-08-14T20:51:51.775+00:00'","'2020-08-14T20:51:51.775+00:00'"
"65","'cg?'","1","28","'pos+pos+?+cég?+t'","'pospos?tsegwt'","''","'He has comical ways.'","'vi.'","''","''","null","null","1","'2020-08-14T20:51:51.783+00:00'","'2020-08-14T20:51:51.783+00:00'"
"66","'cg?'","1","29","'q?y'+q?i+?+ceg?t'","'qwu'yqwi?tsegwt'","''","'He has a poor personality. (lit. He is poor as to his nature).'","'vi.'","''","''","null","null","1","'2020-08-14T20:51:51.793+00:00'","'2020-08-14T20:51:51.793+00:00'"
"67","'cg?'","1","30","'x?es+e?+c?ég?+t'","'qhese?ts'egwt'","''","'courtly, refined. (He has nice manners, he is courtly'","'adj.'","':[also recorded as c?g?]'","''","null","null","1","'2020-08-14T20:51:51.805+00:00'","'2020-08-14T20:51:51.805+00:00'"
"68","'cg?'","2","1","'cug?'","'tsugw'","'?'","'feathered.'","'stem adj.'","''","':'","null","null","1","'2020-08-14T20:51:51.813+00:00'","'2020-08-14T20:51:51.813+00:00'"
"69","'cg?'","2","2","'s+t+cug?+cug?=í?sn'","'sttsugwtsugwi'sn'","'//'","'feather(s).'","'n.'","''","''","null","null","1","'2020-08-14T20:51:51.822+00:00'","'2020-08-14T20:51:51.822+00:00'"
"70","'ch'","1","1","'cehé'","'tsehe'","'?'","'an example, a specified instance, a case. (lit. See!)'","'n.'","''","''","null","null","1","'2020-08-14T20:51:51.834+00:00'","'2020-08-14T20:51:51.834+00:00'"
"71","'ch'","1","2","'ceh+t=cín+m?nt?s'","'tsehttsinmnts'","'?'","'allude. (lit. He mentioned it, He alluded to it)'","'vi.'","''","''","null","null","1","'2020-08-14T20:51:51.845+00:00'","'2020-08-14T20:51:51.845+00:00'"
"72","'ch'","2","1","'s+t+ceh=íp=t?'","'sttsehiptch'","'//'","'thumb.'","'n.'","''","''","null","null","1","'2020-08-14T20:51:51.864+00:00'","'2020-08-14T20:51:51.864+00:00'"
"73","'ch'","2","2","'t+ceh=í?n''","'ttsehich'n'","''","'ridge (He went along the...).'","'n.'","''","''","null","null","1","'2020-08-14T20:51:51.871+00:00'","'2020-08-14T20:51:51.871+00:00'"
"74","'ch'","2","3","'t+ceh=í?n''","'ttsehich'n'","''","'went (He...along the ridge).'","'vi.'","''","''","null","null","1","'2020-08-14T20:51:51.884+00:00'","'2020-08-14T20:51:51.884+00:00'"
"75","'ch'","3","1","'cih'","'tsih'","'?'","'to reach.'","''","''","''","null","null","1","'2020-08-14T20:51:51.894+00:00'","'2020-08-14T20:51:51.894+00:00'"
"76","'ck?'","1","1","'cek?'","'tsekw'","'?'","'pull, drag.'","'stem vt.'","''","''","null","null","1","'2020-08-14T20:51:51.901+00:00'","'2020-08-14T20:51:51.901+00:00'"
"77","'ck?'","1","2","'cék?+k?'","'tsekukw'","''","'to be drawn, attracted.'","'vi.'","''","''","null","null","1","'2020-08-14T20:51:51.908+00:00'","'2020-08-14T20:51:51.908+00:00'"
"78","'ck?'","1","3","'s+cek?+k?'","'stsekukw'","''","'attraction (lit. state of being pulled).'","'n.'","''","''","null","null","1","'2020-08-14T20:51:51.925+00:00'","'2020-08-14T20:51:51.925+00:00'"
"79","'ck?'","1","4","'t+cék?+k?+m'","'ttsekukum'","''","'attract. (lit. He was drawn)'","'vi.'","''","''","null","null","1","'2020-08-14T20:51:51.934+00:00'","'2020-08-14T20:51:51.934+00:00'"
"80","'ck?'","1","5","'s+t+cék?+k?+m'","'sttsekukum'","''","'attraction. (lit. state of being pulled)'","'n.'","''","''","null","null","1","'2020-08-14T20:51:51.943+00:00'","'2020-08-14T20:51:51.943+00:00'"
"81","'ck?'","1","6","'t+cuk?+k?+útm'","'ttsukukutm'","''","'attractive. (lit. capable of drawing (something)'","'adj.'","''","':'","null","null","1","'2020-08-14T20:51:51.955+00:00'","'2020-08-14T20:51:51.955+00:00'"
"82","'ck?'","1","7","'c+cuk?+m'ín'+n''","'tstsukw'mi'n'n'","''","'bob?sled. (lit. means of dragging, pulling)'","'n.'","''","''","null","null","1","'2020-08-14T20:51:51.963+00:00'","'2020-08-14T20:51:51.963+00:00'"
"83","'ck?'","1","8","'?i+cen+cék??n'","'chitsentsekwn'","'?'","'educe (lit. I drew it out (this way).'","'vt.'","''","''","null","null","1","'2020-08-14T20:51:51.973+00:00'","'2020-08-14T20:51:51.973+00:00'"
"84","'ck?'","1","9","'hn+cuk?=úl'mx??nt?x?'","'hntsukwu'lmkhwntkhw'","''","'You dug it up.'","'vt.'","''","''","null","null","1","'2020-08-14T20:51:51.98+00:00'","'2020-08-14T20:51:51.98+00:00'"
"85","'ck?'","1","10","'t+cék??nt?s'","'ttsekwnts'","''","'detract. (lit. He drew it off)'","'vt.'","''","''","null","null","1","'2020-08-14T20:51:51.994+00:00'","'2020-08-14T20:51:51.994+00:00'"
"86","'ck?'","1","11","'hn+cuk?=úlmx??nt?s'","'hntsukwulmkhwnts'","''","'he pulled it out of the ground.'","'vt.'","''","''","null","null","1","'2020-08-14T20:51:52.006+00:00'","'2020-08-14T20:51:52.006+00:00'"
"87","'ck?'","1","12","'t+cuk?=?n=íw'es?nt?m'","'ttsukwshni'wesntm'","''","'banish, debunk. (lit. He was snatched away by the feet)'","'vt.'","''","''","null","null","1","'2020-08-14T20:51:52.015+00:00'","'2020-08-14T20:51:52.015+00:00'"
"88","'ck?'","1","13","'t+cuk?=?n=íw'es?nt?s'","'ttsukwshni'wesnts'","''","'drag away, carry off. (lit. He carried h/h off)'","'vt., v.'","''","''","null","null","1","'2020-08-14T20:51:52.029+00:00'","'2020-08-14T20:51:52.029+00:00'"
"89","'ck?'","2","1","'cik?'","'tsikw'","'?'","'cranium, stupidity. (a cover for the brain, ref. to stupidity)'","'stem n.'","''","''","null","null","1","'2020-08-14T20:51:52.04+00:00'","'2020-08-14T20:51:52.04+00:00'"
"90","'cl'","0","1","'cil=?t'","'tsilcht'","'//'","'five. (lit. 5 fingers)'","'n.'","''","''","null","null","1","'2020-08-14T20:51:52.059+00:00'","'2020-08-14T20:51:52.059+00:00'"
"91","'cl'","0","2","'cél=?=sq'it'","'Tselchsq'it'","''","'Friday. (lit. five days)'","'n.'","''","''","null","null","1","'2020-08-14T20:51:52.069+00:00'","'2020-08-14T20:51:52.069+00:00'"
"92","'cl'","0","3","'s+ni?+cl=áw'as=qn'","'sni'tsla'wasqn'","''","'quill (porcupine...over head).'","'n.'","''","''","null","null","1","'2020-08-14T20:51:52.088+00:00'","'2020-08-14T20:51:52.088+00:00'"
"93","'cl'","0","4","'?upen u? cil'","'upen u? tsil'","'§'","'fifteen.'","'n.'","''","''","null","null","1","'2020-08-14T20:51:52.099+00:00'","'2020-08-14T20:51:52.099+00:00'"
"94","'cl'","0","5","'cil+?l+?úpen'","'tsilch'lupen'","''","'fifty. (lit. 5 times 10)'","'n.'","''","''","null","null","1","'2020-08-14T20:51:52.109+00:00'","'2020-08-14T20:51:52.109+00:00'"
"95","'cl''","0","1","'s+cil'+e?+x?élex?'","'stsi'le?qhelekhw'","'§'","'denture. (lit. substitute for teeth)'","'n.'","''","''","null","null","1","'2020-08-14T20:51:52.124+00:00'","'2020-08-14T20:51:52.124+00:00'"
"96","'cl''","0","2","'s+cil'+e?+s+t'?=ástq'","'stsi'le?st'shastq'","''","'blueberry (lit. a huckleberry substitute).'","'n.'","''","''","null","null","1","'2020-08-14T20:51:52.136+00:00'","'2020-08-14T20:51:52.136+00:00'"
"97","'c?'","0","1","'s+cú?+m'","'stsu?m'","'?'","'bull, steer.'","'n.'","''","''","null","null","1","'2020-08-14T20:51:52.142+00:00'","'2020-08-14T20:51:52.142+00:00'"
"98","'c?'","0","2","'s+c+cú?+m''","'ststsu?'m'","''","'bull (young...), bullock, steer (young).'","'n.'","''","''","null","null","1","'2020-08-14T20:51:52.148+00:00'","'2020-08-14T20:51:52.148+00:00'"
"99","'c?'","0","3","'c+có?+m'=qn''","'Tstso?'mq'n'","'//'","'Little Bull Head. (name of a Flathead Indian)'","'n.'","''","''","null","null","1","'2020-08-14T20:51:52.157+00:00'","'2020-08-14T20:51:52.157+00:00'"
"100","'c?x?'","0","1","'c(=)e?x?'","'tse?khw'","'?'","'house.'","'stem n.'","'[xref ctx?]'","''","null","null","1","'2020-08-14T20:51:52.163+00:00'","'2020-08-14T20:51:52.163+00:00'"
"101","'c?x?'","0","2","'c(=)i?x?'","'tsi?khw'","''","'house.'","''","''","''","null","null","1","'2020-08-14T20:51:52.178+00:00'","'2020-08-14T20:51:52.178+00:00'"
"102","'c?x?'","0","3","'?et+?m'+cí?x?'","'chetch'mtsi?khw'","''","'porch, eaves, awning.'","'n.'","''","''","null","null","1","'2020-08-14T20:51:52.187+00:00'","'2020-08-14T20:51:52.187+00:00'"
"103","'cm'","0","1","'cum+t'","'tsumt'","'?'","'prompt. (H/s arrived just on time)'","'adj.'","''","':'","null","null","1","'2020-08-14T20:51:52.193+00:00'","'2020-08-14T20:51:52.193+00:00'"
"104","'cm''","1","1","'ci+cem'e?'","'tsitse'me''","'?'","'small, they are small.'","'stem adj.'","''","':'","null","null","1","'2020-08-14T20:51:52.2+00:00'","'2020-08-14T20:51:52.2+00:00'"
"105","'cm''","1","2","'s+c+cm'=íl't'","'ststs'mi'lt'","'//'","'children, offspring.'","'n.'","''","''","null","null","1","'2020-08-14T20:51:52.209+00:00'","'2020-08-14T20:51:52.209+00:00'"
"106","'cm''","1","3","'c+cm'=íc'e?'","'tsts'mits'e''","''","'midgets, pygmies.'","'n.'","''","''","null","null","1","'2020-08-14T20:51:52.22+00:00'","'2020-08-14T20:51:52.22+00:00'"
"107","'cm''","1","4","'t+c+cm'e?=ús'","'ttsts'me'us'","''","'beads. (lit. little eyes)'","'n.'","''","''","null","null","1","'2020-08-14T20:51:52.23+00:00'","'2020-08-14T20:51:52.23+00:00'"
"108","'cm''","1","5","'hn+c+cám'=al'qs+n''","'hntstsa'ma'lqsn''","''","'roads (small...), vegetables.'","'n.'","''","''","null","null","1","'2020-08-14T20:51:52.245+00:00'","'2020-08-14T20:51:52.245+00:00'"
"109","'cm''","1","6","'elu+s+c+cm'=íl't'","'eluststs'mi'lt'","'§'","'barren, sterile. (lit. H/s has no children)'","'adj.'","''","':'","null","null","1","'2020-08-14T20:51:52.256+00:00'","'2020-08-14T20:51:52.256+00:00'"
"110","'cm''","2","1","'s+cóm'=?x?'","'stso'm?khw'","'//'","'longhouse. (lit. house of mats)'","'n.'","''","''","null","null","1","'2020-08-14T20:51:52.261+00:00'","'2020-08-14T20:51:52.261+00:00'"
"111","'cn'","0","1","'cun'","'tsun'","'?'","'indicate, point, show.'","'stem vt.'","''","''","null","null","1","'2020-08-14T20:51:52.271+00:00'","'2020-08-14T20:51:52.271+00:00'"
"112","'cn'","0","2","'cún=?t+m'","'tsunchtm'","'//'","'pointed (he...with index finger), seven.'","'vt., n.'","''","''","null","null","1","'2020-08-14T20:51:52.278+00:00'","'2020-08-14T20:51:52.278+00:00'"
"113","'cn'","0","3","'?upen u? cun=?t+m'","'upen u? tsunchtm'","'§'","'seventeen.'","'n.'","''","''","null","null","1","'2020-08-14T20:51:52.293+00:00'","'2020-08-14T20:51:52.293+00:00'"
"114","'cn'","0","4","'cun=?t+m+e·l+?úpen'","'tsunchtmee'lupen'","''","'seventy. (lit. 7 times 10)'","'n.'","''","''","null","null","1","'2020-08-14T20:51:52.302+00:00'","'2020-08-14T20:51:52.302+00:00'"
"115","'cnl'","0","1","'cénel'","'tsenel'","'?'","'he, she (It is he or she).'","'n.'","''","''","null","null","1","'2020-08-14T20:51:52.317+00:00'","'2020-08-14T20:51:52.317+00:00'"
"116","'cnl'","0","2","'ul+cénel'","'ultsenel'","''","'belong. (lit. It belongs to him)'","'vi.'","''","''","null","null","1","'2020-08-14T20:51:52.331+00:00'","'2020-08-14T20:51:52.331+00:00'"
"117","'cnl'","0","3","'cenel+mí+ncut'","'tsenelmintsut'","''","'egocentric. (lit. H/S is by h/h self; regarding self as the center of all things)'","'adj.'","''","':'","null","null","1","'2020-08-14T20:51:52.339+00:00'","'2020-08-14T20:51:52.339+00:00'"
"118","'cnl'","0","4","'e+cenel+mí+ncut'","'etsenelmintsut'","''","'asocial, egotistic, self?centered. (lit. He is usually by himself)'","'vi., adj.'","''","':'","null","null","1","'2020-08-14T20:51:52.345+00:00'","'2020-08-14T20:51:52.345+00:00'"
"119","'cnl'","0","5","'cníl?il?'","'tsnililsh'","'?'","'they (It is...).'","'n.'","''","''","null","null","1","'2020-08-14T20:51:52.359+00:00'","'2020-08-14T20:51:52.359+00:00'"
"120","'cnl'","0","6","'ul cníl?l?'","'ul tsnillsh'","''","'theirs (It is...).'","'adj.'","''","':'","null","null","1","'2020-08-14T20:51:52.371+00:00'","'2020-08-14T20:51:52.371+00:00'"
"121","'cnmn'","0","1","'cánmn'","'Tsanmn'","'?'","'chinese.'","'n.'","''","''","null","null","1","'2020-08-14T20:51:52.385+00:00'","'2020-08-14T20:51:52.385+00:00'"
"122","'cnm?'","0","1","'hi·y+cúnme?'","'hiiytsunme''","'?'","'student, disciple. (lit. H/S is the one I taught or am teaching)'","'n.'","''","''","null","null","1","'2020-08-14T20:51:52.391+00:00'","'2020-08-14T20:51:52.391+00:00'"
"123","'cnm?'","0","2","'hn+cunme?+n'","'hntsunme'n'","''","'conservatory, school.'","'n.'","''","''","null","null","1","'2020-08-14T20:51:52.404+00:00'","'2020-08-14T20:51:52.404+00:00'"
"124","'cnm?'","0","3","'hn+cun+cún'm'e?+n''","'hntsuntsu'n'me'n''","''","'college. (lit. school)'","'n.'","''","''","null","null","1","'2020-08-14T20:51:52.411+00:00'","'2020-08-14T20:51:52.411+00:00'"
"125","'cnm?'","0","4","'ul hn+cun'+cun'm'a?+n''","'ul hntsu'ntsu'n'ma'n''","''","'academic. (lit. belonging to a school)'","'adj.'","''","':'","null","null","1","'2020-08-14T20:51:52.422+00:00'","'2020-08-14T20:51:52.422+00:00'"
"126","'cnm?'","0","5","'i·+cúnme?'","'iitsunme''","''","'directory. (lit. It is guiding)'","'n.'","''","''","null","null","1","'2020-08-14T20:51:52.433+00:00'","'2020-08-14T20:51:52.433+00:00'"
"127","'cnm?'","0","6","'s+cúnme?+m'","'stsunme'm'","''","'declaration, documentation, instruction, directive.'","'n.'","''","''","null","null","1","'2020-08-14T20:51:52.442+00:00'","'2020-08-14T20:51:52.442+00:00'"
"128","'cnm?'","0","7","'sye·+cúnme?+n'","'syeetsunme'n'","''","'director. (lit. One who guides or shows)'","'n.'","''","''","null","null","1","'2020-08-14T20:51:52.453+00:00'","'2020-08-14T20:51:52.453+00:00'"
"129","'cnm?'","0","8","'cunme?+ncút+n'","'tsunme'ntsutn'","''","'He is a means of teaching oneself (said only of a high qualified teacher).'","'v.'","''","''","null","null","1","'2020-08-14T20:51:52.46+00:00'","'2020-08-14T20:51:52.46+00:00'"
"130","'cnm?'","0","9","'s+cun'+cun'm'e?+ncút'","'stsu'ntsu'n'me'ntsut'","''","'curriculum. (lit. teaching oneself repeatedly)'","'n.'","''","''","null","null","1","'2020-08-14T20:51:52.469+00:00'","'2020-08-14T20:51:52.469+00:00'"
"131","'cnm?'","0","10","'??y'c+cunme?+ncút'","'chi'tsunme'ntsut'","''","'We are teaching ourselves.'","'vt.'","''","''","null","null","1","'2020-08-14T20:51:52.482+00:00'","'2020-08-14T20:51:52.482+00:00'"
"132","'cnm?'","0","11","'cúnme??nt?s?n.'","'tsunme'ntsn'","'?'","'taught (I...you (sg.(.'","'vt.'","''","''","null","null","1","'2020-08-14T20:51:52.501+00:00'","'2020-08-14T20:51:52.501+00:00'"
"133","'cnm?'","0","12","'cúnme??n'","'tsunme'n'","''","'taught (I...h/h).'","'vt.'","''","''","null","null","1","'2020-08-14T20:51:52.514+00:00'","'2020-08-14T20:51:52.514+00:00'"
"134","'cnm?'","0","13","'cúnme?+??n'","'tsunme'?n'","''","'showed (I...it to him).'","'vt.'","''","''","null","null","1","'2020-08-14T20:51:52.534+00:00'","'2020-08-14T20:51:52.534+00:00'"
"135","'cnm?'","0","14","'cúnme??nt?ul[t]?n'","'tsunme'ntulmn'","''","'taught (I...you (pl.(.'","'vt.'","''","''","null","null","1","'2020-08-14T20:51:52.553+00:00'","'2020-08-14T20:51:52.553+00:00'"
"136","'cnm?'","0","15","'cúnme??n?l?'","'tsunme'nlsh'","''","'taught (I...them).'","'vt.'","''","''","null","null","1","'2020-08-14T20:51:52.56+00:00'","'2020-08-14T20:51:52.56+00:00'"
"137","'cnm?'","0","16","'cúnme??nt+se-x?'","'tsunme'ntsekhw'","''","'You (sg.) taught me.'","'vt.'","''","''","null","null","1","'2020-08-14T20:51:52.57+00:00'","'2020-08-14T20:51:52.57+00:00'"
"138","'cnm?'","0","17","'cúnme??nt?s'","'tsunme'nts'","''","'declare. (lit. He pointed it out to h/h; he taught h/h)'","'vt.'","''","''","null","null","1","'2020-08-14T20:51:52.575+00:00'","'2020-08-14T20:51:52.575+00:00'"
"139","'cnm?'","0","18","'cúnme??nt?se?s'","'tsunme'ntses'","''","'He taught me.'","'vt.'","''","''","null","null","1","'2020-08-14T20:51:52.585+00:00'","'2020-08-14T20:51:52.585+00:00'"
"140","'cnm?'","0","19","'cúnme??nt?sel?p'","'tsunme'ntselp'","''","'You (pl.) taught me.'","'vt.'","''","''","null","null","1","'2020-08-14T20:51:52.591+00:00'","'2020-08-14T20:51:52.591+00:00'"
"141","'cnm?'","0","20","'cun+un+me?+útm?l?'","'tsununme'utmlsh'","''","'docile. (lit. They are easy to teach)'","'adj.'","''","':'","null","null","1","'2020-08-14T20:51:52.609+00:00'","'2020-08-14T20:51:52.609+00:00'"
"142","'cnm?'","0","21","'cunme?+s+?ínt'","'tsunme'schint'","'§'","'taught (he...Indians, human beings, people).'","'vt.'","''","''","null","null","1","'2020-08-14T20:51:52.62+00:00'","'2020-08-14T20:51:52.62+00:00'"
"143","'cnm?'","0","22","'sye+cunme?+s+?ínt'","'syetsunme'schint'","''","'teacher (of human beings).'","'n.'","''","''","null","null","1","'2020-08-14T20:51:52.625+00:00'","'2020-08-14T20:51:52.625+00:00'"
"144","'cnm?'","0","23","'cúnme??n x?a hi+s+l'áx?+t'","'tsunme'n khwa his'laqht'","''","'taught (I...him who is my friend).'","'vt.'","''","''","null","null","1","'2020-08-14T20:51:52.632+00:00'","'2020-08-14T20:51:52.632+00:00'"
"145","'cnm?'","0","24","'hn+cun'+cún'm'e?+n ? n+?ít?+n'","'hntsu'ntsu'n'me'n ? 'nitshn'","''","'boarding school. (lit. place for teaching and sleeping)'","'n.'","''","''","null","null","1","'2020-08-14T20:51:52.639+00:00'","'2020-08-14T20:51:52.639+00:00'"
"146","'cnm?'","0","25","'x?áy'+x?i?+t he n+cúnme?+n'","'qha'yqhi't hentsunme'n'","''","'school (It is a big...).'","'n.'","''","''","null","null","1","'2020-08-14T20:51:52.647+00:00'","'2020-08-14T20:51:52.647+00:00'"
"147","'cp'","0","1","'u· cáp=us'","'uutsapus'","'//'","'blink. (lit. His eye blinked)'","'vi.'","''","''","null","null","1","'2020-08-14T20:51:52.659+00:00'","'2020-08-14T20:51:52.659+00:00'"
"148","'cq'","0","1","'caq'","'tsaq'","'?'","'bowl, bucket, plate (to put down a bowl,...,bucket).'","'n.'","''","''","null","null","1","'2020-08-14T20:51:52.669+00:00'","'2020-08-14T20:51:52.669+00:00'"
"149","'cq'","0","2","'s+caq+m'","'stsaqm'","''","'upright (placing a vessel...).'","'adj.'","''","':'","null","null","1","'2020-08-14T20:51:52.675+00:00'","'2020-08-14T20:51:52.675+00:00'"
"150","'cq'","0","3","'s+cáq+aq+n'","'stsaqaqn'","''","'depot, railway station. (lit. a stopping place)'","'n.'","''","''","null","null","1","'2020-08-14T20:51:52.681+00:00'","'2020-08-14T20:51:52.681+00:00'"
"151","'cq'","0","4","'s+cán+caq'","'stsantsaq'","''","'casserole. (lit. putting under a receptacle with upper side up)'","'n.'","''","''","null","null","1","'2020-08-14T20:51:52.692+00:00'","'2020-08-14T20:51:52.692+00:00'"
"152","'cq'","0","5","'can+c+caq+m'ín'+n''","'tsantstsaq'mi'n'n'","''","'saucer. (lit. concave object)'","'n.'","''","''","null","null","1","'2020-08-14T20:51:52.702+00:00'","'2020-08-14T20:51:52.702+00:00'"
"153","'cq'","0","6","'caq=cn'","'tsaqtsn'","'//'","'phonograph (lit. that which is put by the mouth with concave side up (refers to megaphone).'","'n.'","''","''","null","null","1","'2020-08-14T20:51:52.707+00:00'","'2020-08-14T20:51:52.707+00:00'"
"154","'cq'","0","7","'t+caq=cn'","'ttsaqtsn'","''","'phonograph. (lit. that which is put by the mouth with concave side up (refers to megaphone)'","'n.'","''","''","null","null","1","'2020-08-14T20:51:52.711+00:00'","'2020-08-14T20:51:52.711+00:00'"
"155","'cq'","0","8","'s+caq+aq=cín=k?e?+n'","'stsaqaqtsinkwe'n'","''","'dock.'","'n.'","''","''","null","null","1","'2020-08-14T20:51:52.727+00:00'","'2020-08-14T20:51:52.727+00:00'"
"156","'cq'","0","9","'caq=í??c'e?'","'tsaqi'?ts'e''","''","'broil. (lit. He cooked by direct radiant heat)'","'vi.'","''","''","null","null","1","'2020-08-14T20:51:52.738+00:00'","'2020-08-14T20:51:52.738+00:00'"
"157","'cq'","0","10","'s+caq=í?c'e?'","'stsaqi?ts'e''","''","'smoking process.'","'n.'","''","''","null","null","1","'2020-08-14T20:51:52.749+00:00'","'2020-08-14T20:51:52.749+00:00'"
"158","'cq'","0","11","'s+caq=í??c'e?'","'stsaqi'?ts'e''","''","'Indian barbecue.'","'n.'","''","''","null","null","1","'2020-08-14T20:51:52.763+00:00'","'2020-08-14T20:51:52.763+00:00'"
"159","'cq'","0","12","'hn+caq=i?ce?+n'","'hntsaqi?tse'n'","''","'broiler.'","'n.'","''","''","null","null","1","'2020-08-14T20:51:52.772+00:00'","'2020-08-14T20:51:52.772+00:00'"
"160","'cq'","0","13","'t+caq=ene?+utm'","'ttsaqene'utm'","''","'audible. (lit. capable of being heard)'","'n.'","''","''","null","null","1","'2020-08-14T20:51:52.779+00:00'","'2020-08-14T20:51:52.779+00:00'"
"161","'cq'","0","14","'hn+t+caq=íne?+n'","'hnttsaqine'n'","''","'acoustics. (lit. means of hearing sounds)'","'n.'","''","''","null","null","1","'2020-08-14T20:51:52.788+00:00'","'2020-08-14T20:51:52.788+00:00'"
"162","'cq'","0","15","'caq=ip'","'tsaqip'","''","'follow.'","'stem vt.'","''","''","null","null","1","'2020-08-14T20:51:52.803+00:00'","'2020-08-14T20:51:52.803+00:00'"
"163","'cq'","0","16","'a+caq=e·p=íw'es'","'atsaqeepi'wes'","''","'consecutive. (lit. They follow one another)'","'n.'","''","''","null","null","1","'2020-08-14T20:51:52.814+00:00'","'2020-08-14T20:51:52.814+00:00'"
"164","'cq'","0","17","'caq+caq+aq=l'íp+m'","'tsaqtsaqaq'lipm'","''","'backwards (He fell...), fell (He...backwards).'","'adv., vi.'","''","''","null","null","1","'2020-08-14T20:51:52.824+00:00'","'2020-08-14T20:51:52.824+00:00'"
"221","'cx??'","3","1","'s+cex??+n'","'stseqhwn'","'?'","'condolence, caressing.'","'n.'","''","'[for expected cx?]'","null","null","1","'2020-08-14T20:51:53.349+00:00'","'2020-08-14T20:51:53.349+00:00'"
"165","'cq'","0","18","'caq?nt?s'","'tsaqnts'","'?'","'park (...a car), put down or place a cup, bowl, vessel. (lit. He placed a vessel upright)'","'vt.'","''","''","null","null","1","'2020-08-14T20:51:52.832+00:00'","'2020-08-14T20:51:52.832+00:00'"
"166","'cq'","0","19","'caq=íp?nt?s'","'tsaqipnts'","''","'followed (He...).'","'vi.'","''","''","null","null","1","'2020-08-14T20:51:52.842+00:00'","'2020-08-14T20:51:52.842+00:00'"
"167","'cq'","0","20","'t=caq=íne?+m?nt?s'","'ttsaqine'mnts'","''","'heeded, heard, obeyed (He...him).'","'vt.'","''","''","null","null","1","'2020-08-14T20:51:52.854+00:00'","'2020-08-14T20:51:52.854+00:00'"
"168","'cq?'","1","1","'caq?'","'tsaqw'","'?'","'insert (a long object in a tube), long object slips into hollow object.'","'stem vt.'","''","''","null","null","1","'2020-08-14T20:51:52.865+00:00'","'2020-08-14T20:51:52.865+00:00'"
"169","'cq?'","1","2","'cáq?+m'","'tsaqwm'","''","'stuck (He...a long object in something).'","'vt.'","''","''","null","null","1","'2020-08-14T20:51:52.876+00:00'","'2020-08-14T20:51:52.876+00:00'"
"170","'cq?'","1","3","'cáq??nt?s'","'tsaqwnts'","'?'","'stuck (He...it in lengthwise).'","'vt.'","''","''","null","null","1","'2020-08-14T20:51:52.891+00:00'","'2020-08-14T20:51:52.891+00:00'"
"171","'cq?'","2","1","'ceq?'","'tseqw'","'?'","'pink (color of tamarack wood).'","'stem adj.'","''","':'","null","null","1","'2020-08-14T20:51:52.902+00:00'","'2020-08-14T20:51:52.902+00:00'"
"172","'cq?'","2","2","'céq?+l?'","'tseqwlsh'","''","'larch, tammarack.'","'n.'","''","''","null","null","1","'2020-08-14T20:51:52.916+00:00'","'2020-08-14T20:51:52.916+00:00'"
"173","'cq?'","2","3","'u· céq?'","'uutseqw'","''","'scarlet.'","'adj.'","''","':'","null","null","1","'2020-08-14T20:51:52.924+00:00'","'2020-08-14T20:51:52.924+00:00'"
"174","'cq?'","2","4","'s+cáq?+m'","'stsaqum'","''","'arbutus, strawberry (wild...).'","'n.'","'[also recorded with low vowel]'","''","null","null","1","'2020-08-14T20:51:52.928+00:00'","'2020-08-14T20:51:52.928+00:00'"
"175","'cq?'","2","5","'*céq?+q?=alq?'","'tseqwgwalqw'","'//'","'dogwood, elderberry bush. Redwood.'","'n.'","''","''","null","null","1","'2020-08-14T20:51:52.935+00:00'","'2020-08-14T20:51:52.935+00:00'"
"176","'cq?'","2","6","'t+coq[?]+céq?=us'","'ttsoqtsequs'","''","'blood?shot (He has...eyes).'","'adj.'","''","':'","null","null","1","'2020-08-14T20:51:52.939+00:00'","'2020-08-14T20:51:52.939+00:00'"
"177","'cry'","0","1","'co·ray'","'tsooray'","'?'","'July.'","'n.'","'[see also ?ly]'","''","null","null","1","'2020-08-14T20:51:52.943+00:00'","'2020-08-14T20:51:52.943+00:00'"
"178","'cs'","1","1","'ces'","'tses'","'?'","'fine, long, slender.'","'stem adj.'","''","':'","null","null","1","'2020-08-14T20:51:52.958+00:00'","'2020-08-14T20:51:52.958+00:00'"
"179","'cs'","1","2","'s+cas=alqs'","'stsasalqs'","'//'","'mosquito.'","'n.'","'[xref c?]'","''","null","null","1","'2020-08-14T20:51:52.969+00:00'","'2020-08-14T20:51:52.969+00:00'"
"180","'cs'","2","1","'cus'","'tsus'","'?'","'to rattle (e.g. snake)'","''","''","''","null","null","1","'2020-08-14T20:51:52.98+00:00'","'2020-08-14T20:51:52.98+00:00'"
"181","'cs'","2","2","'cus+cú·s'","'tsustsuuus!'","''","'jingle jingle.'","'excl.'","''","''","null","null","1","'2020-08-14T20:51:52.995+00:00'","'2020-08-14T20:51:52.995+00:00'"
"182","'csp'","0","1","'ni k?u?cósep'","'ni ku Tsosep?'","''","'Are you Joseph?'","'qu.'","''","''","null","null","1","'2020-08-14T20:51:53.007+00:00'","'2020-08-14T20:51:53.007+00:00'"
"183","'c?'","0","1","'ci?'","'tsish'","'?'","'heated, hot, long, tall.'","'stem adj.'","''","':'","null","null","1","'2020-08-14T20:51:53.017+00:00'","'2020-08-14T20:51:53.017+00:00'"
"184","'c?'","0","2","'ci?+t'","'tsisht'","''","'long (it is...).'","'adj.'","''","':'","null","null","1","'2020-08-14T20:51:53.021+00:00'","'2020-08-14T20:51:53.021+00:00'"
"185","'c?'","0","3","'cé?=alq?'","'tseshalqw'","'//'","'tall (he is...).'","'adj.'","''","':'","null","null","1","'2020-08-14T20:51:53.025+00:00'","'2020-08-14T20:51:53.025+00:00'"
"186","'c?'","0","4","'t+cé?+ce?=qn'","'ttseshtseshqn'","''","'comet. (lit. It (star) is long?hair)'","'n.'","''","''","null","null","1","'2020-08-14T20:51:53.039+00:00'","'2020-08-14T20:51:53.039+00:00'"
"187","'c?'","0","5","'s+cen+cí?+tis=?n=?n'","'stsentsishtischnshn'","'§'","'high top shoes.'","'n.'","'[xref cs]'","''","null","null","1","'2020-08-14T20:51:53.049+00:00'","'2020-08-14T20:51:53.049+00:00'"
"188","'ct'","1","1","'cut'","'tsut'","'?'","'although.'","'conj.'","''","''","null","null","1","'2020-08-14T20:51:53.057+00:00'","'2020-08-14T20:51:53.057+00:00'"
"189","'ct'","1","2","'cut ci?'","'tsut tsi''","''","'although.'","'conj.'","''","''","null","null","1","'2020-08-14T20:51:53.066+00:00'","'2020-08-14T20:51:53.066+00:00'"
"190","'ct'","2","1","'cut'","'tsut'","'?'","'self.'","'n.'","''","''","null","null","1","'2020-08-14T20:51:53.072+00:00'","'2020-08-14T20:51:53.072+00:00'"
"191","'ctx?'","0","1","'cétx?'","'tsetkhw'","'?'","'dwelling, home, house, residence.'","'n.'","''","''","null","null","1","'2020-08-14T20:51:53.079+00:00'","'2020-08-14T20:51:53.079+00:00'"
"192","'ctx?'","0","2","'c+cétx?'","'tstsetkhw'","''","'bungalow. (lit. small cottage)'","'n.'","''","''","null","null","1","'2020-08-14T20:51:53.09+00:00'","'2020-08-14T20:51:53.09+00:00'"
"193","'ctx?'","0","3","'c+cetx?'","'tstsetkhw'","''","'cabin, cottage, shack. (lit. little house)'","'n.'","''","''","null","null","1","'2020-08-14T20:51:53.105+00:00'","'2020-08-14T20:51:53.105+00:00'"
"194","'ctx?'","0","4","'e+g?e?+cetx?'","'egwe?tsetkhw'","''","'home (to go...). (lit. He went toward home)'","'vi.'","''","''","null","null","1","'2020-08-14T20:51:53.111+00:00'","'2020-08-14T20:51:53.111+00:00'"
"195","'ctx?'","0","5","'?i?c??eg?e?+cétx?+m?'","'chi'ts'egwe?tsetkhumsh'","''","'bound. (lit. I am headed for home)'","'adj.'","''","':'","null","null","1","'2020-08-14T20:51:53.124+00:00'","'2020-08-14T20:51:53.124+00:00'"
"196","'ctx?'","0","6","'cétx?+s x?a ma?+ma?ám=al'qs'","'tsetkhws khwa ma'ma'ama'lqs'","'§'","'convent. (lit. their house those who wear women's clothes (nuns))'","'n.'","''","''","null","null","1","'2020-08-14T20:51:53.129+00:00'","'2020-08-14T20:51:53.129+00:00'"
"197","'ctx?'","0","7","'ul mac'p he cétx?+s'","'ul mats'p he tsetkhws'","''","'apiary. (lit. belonging to a bee's house)'","'n.'","''","''","null","null","1","'2020-08-14T20:51:53.138+00:00'","'2020-08-14T20:51:53.138+00:00'"
"198","'ctx?'","0","8","'nuk'?+?+cétx?'","'nuk'w?tsetkhw'","''","'caste. (lit. one house)'","'n.'","''","''","null","null","1","'2020-08-14T20:51:53.143+00:00'","'2020-08-14T20:51:53.143+00:00'"
"199","'ctx?'","0","9","'a??+e?+cetx?'","'a(we?tsetkhw'","''","'H/s has many houses.'","'vt.'","'[see also c?x?]'","''","null","null","1","'2020-08-14T20:51:53.149+00:00'","'2020-08-14T20:51:53.149+00:00'"
"200","'cw''","1","1","'ciw''","'tsi'w'","'?'","'child (youngest).'","'stem n.'","''","''","null","null","1","'2020-08-14T20:51:53.159+00:00'","'2020-08-14T20:51:53.159+00:00'"
"201","'cw''","1","2","'s+cíw'+t'=m?'","'stsi'wt'msh'","'//'","'child (youngest...).'","'n.'","''","''","null","null","1","'2020-08-14T20:51:53.18+00:00'","'2020-08-14T20:51:53.18+00:00'"
"202","'cw''","1","3","'s+c+cíw'+t'=m?'","'ststsi'wt'msh'","''","'baby (...of the family).'","'n.'","''","''","null","null","1","'2020-08-14T20:51:53.189+00:00'","'2020-08-14T20:51:53.189+00:00'"
"203","'cw''","1","4","'s+c+céw'+t=m'?=qn'=?t'","'ststse'wt'mshq'ncht'","''","'finger (little or fourth...). (lit. youngest finger)'","'n.'","''","''","null","null","1","'2020-08-14T20:51:53.21+00:00'","'2020-08-14T20:51:53.21+00:00'"
"204","'cw''","2","1","'cuw''","'tsu'w'","'?'","'punch.'","'stem vt.'","''","''","null","null","1","'2020-08-14T20:51:53.217+00:00'","'2020-08-14T20:51:53.217+00:00'"
"205","'cw''","2","2","'cú?+um'","'tsu'um'","''","'hit (he...something with the fist).'","'vt.'","'[also recorded as c?]'","''","null","null","1","'2020-08-14T20:51:53.221+00:00'","'2020-08-14T20:51:53.221+00:00'"
"206","'cw''","2","3","'s+cú?+u?'","'stsu'u''","''","'blow. (lit. a sudden hard stroke, as of the fist)'","'n.'","''","''","null","null","1","'2020-08-14T20:51:53.229+00:00'","'2020-08-14T20:51:53.229+00:00'"
"207","'cw''","2","4","'cuw'=í?t+m'","'tsu'wichtm'","'//'","'boxing (he feinted in...), feinted (he...in boxing).'","'n., vi.'","''","''","null","null","1","'2020-08-14T20:51:53.245+00:00'","'2020-08-14T20:51:53.245+00:00'"
"208","'cw''","2","5","'s+cuw'=í?c'e?'","'stsu'wi?ts'e''","''","'clout. (lit. hitting a person with the fist)'","'vt.'","''","''","null","null","1","'2020-08-14T20:51:53.252+00:00'","'2020-08-14T20:51:53.252+00:00'"
"209","'cw''","2","6","'cúw'?nt?s'","'tsu'wnts'","'?'","'hit (he...him with the fist).'","'vt.'","''","''","null","null","1","'2020-08-14T20:51:53.257+00:00'","'2020-08-14T20:51:53.257+00:00'"
"210","'cw''","2","7","'cú?+cuw'?nt?s'","'tsu'tsu'wnts'","''","'hit (he...him repeatedly), repeatedly (he hit him...).'","'adv., vt.'","''","''","null","null","1","'2020-08-14T20:51:53.262+00:00'","'2020-08-14T20:51:53.262+00:00'"
"211","'cw''","2","8","'s+cuw'?n't'?wí?'","'stsu'w'nt'wish'","''","'boxing. (lit. hitting one an­other with the fist)'","'vt.'","''","''","null","null","1","'2020-08-14T20:51:53.272+00:00'","'2020-08-14T20:51:53.272+00:00'"
"212","'cw''","2","9","'sye+cuw'?n't'?wí?'","'syetsu'w'nt'wish'","''","'boxer. (lit. One of two who hit each other with the fist)'","'n.'","''","''","null","null","1","'2020-08-14T20:51:53.276+00:00'","'2020-08-14T20:51:53.276+00:00'"
"213","'cw''","2","10","'t+co?=qin?t?m'","'ttso'qintm'","''","'clobber (slang). (lit. He was batted with fists as to the head)'","'v.'","''","''","null","null","1","'2020-08-14T20:51:53.288+00:00'","'2020-08-14T20:51:53.288+00:00'"
"214","'cw''","2","11","'ul sye+cuw'+n't-wí? he s+?úx?=?t'","'ul syetsu'w'ntwish he s?ukhwcht'","'§'","'glove (boxing...). (lit. glove of a boxer)'","'n.'","''","''","null","null","1","'2020-08-14T20:51:53.292+00:00'","'2020-08-14T20:51:53.292+00:00'"
"215","'cx?'","1","1","'cex?'","'tsekhw'","'?'","'caress, fondle.'","'stem vt.'","''","''","null","null","1","'2020-08-14T20:51:53.314+00:00'","'2020-08-14T20:51:53.314+00:00'"
"216","'cx?'","1","2","'céx??nt?s'","'tsekhwnts'","'?'","'caress. (lit. He touched or treated him in an affectionate or loving manner)'","'vt.'","''","''","null","null","1","'2020-08-14T20:51:53.321+00:00'","'2020-08-14T20:51:53.321+00:00'"
"217","'cx?'","1","3","'céx??nt?se-s'","'tsekhwntses'","''","'condole. (lit. She expressed sympathy to me by caressing me)'","'vi.'","'[see also cx??]'","''","null","null","1","'2020-08-14T20:51:53.326+00:00'","'2020-08-14T20:51:53.326+00:00'"
"218","'cx?'","2","1","'hn+c+cx?+út'","'hntstskhut'","'?'","'creek, rivulet.'","'n.'","'[xref c'x?]'","''","null","null","1","'2020-08-14T20:51:53.334+00:00'","'2020-08-14T20:51:53.334+00:00'"
"219","'cx??'","1","1","'cax??'","'tsaqhw'","'?'","'accumulate.'","'stem vt.'","''","''","null","null","1","'2020-08-14T20:51:53.338+00:00'","'2020-08-14T20:51:53.338+00:00'"
"220","'cx??'","2","1","'s+céx??=[t]k?e?'","'stseqhw?kwe''","'//'","'Spokane Falls, Spokane, Wash.'","'n.'","''","''","null","null","1","'2020-08-14T20:51:53.342+00:00'","'2020-08-14T20:51:53.342+00:00'"
"222","'cy''","0","1","'cuy''","'tsu'y'","'?'","'chilling.'","'stem adj.'","''","':'","null","null","1","'2020-08-14T20:51:53.362+00:00'","'2020-08-14T20:51:53.362+00:00'"
"223","'cy''","0","2","'u· cúy''","'uutsu'y'","''","'chilly (it is...).'","'adj.'","''","':'","null","null","1","'2020-08-14T20:51:53.377+00:00'","'2020-08-14T20:51:53.377+00:00'"
"224","'cy''","0","3","'cúy'+cuy'+t'","'tsu'ytsu'yt'","''","'clammy. (lit. It is disagreeably moist and cold; it causes chills)'","'adj.'","''","':'","null","null","1","'2020-08-14T20:51:53.387+00:00'","'2020-08-14T20:51:53.387+00:00'"
"225","'cy''","0","4","'s+cúy'+y''","'stsu'y'y'","''","'chill. (lit. becoming chilled)'","'n.'","''","''","null","null","1","'2020-08-14T20:51:53.393+00:00'","'2020-08-14T20:51:53.393+00:00'"
"226","'cy''","0","5","'cen+c'úy'+c'uy'=?t'","'tsents'u'yts'u'ycht'","'//'","'chills. (lit. He causes chills (by being scantly clad) in cold weather)'","'n.'","''","''","null","null","1","'2020-08-14T20:51:53.407+00:00'","'2020-08-14T20:51:53.407+00:00'"
"227","'cy'?'","0","1","'c+cíy'e?'","'tstsi'ye''","'?'","'sister (a woman's younger...).'","'n.'","''","''","null","null","1","'2020-08-14T20:51:53.419+00:00'","'2020-08-14T20:51:53.419+00:00'"
"228","'c?'","0","1","'ca?'","'tsa('","'?'","'scream, shriek.'","'stem vi.'","''","''","null","null","1","'2020-08-14T20:51:53.424+00:00'","'2020-08-14T20:51:53.424+00:00'"
"229","'c??'","0","1","'ca??'","'tsa(w'","'?'","'fringe.'","'stem n.'","''","''","null","null","1","'2020-08-14T20:51:53.434+00:00'","'2020-08-14T20:51:53.434+00:00'"
"230","'c??'","0","2","'a· cá??'","'aatsa(w'","''","'fringed. (lit. It is fringed)'","'adj.'","''","':'","null","null","1","'2020-08-14T20:51:53.441+00:00'","'2020-08-14T20:51:53.441+00:00'"
"231","'c??'","0","3","'s+can+cu??=íc'e?'","'stsantsu(wits'e''","'//'","'shawl.'","'n.'","''","''","null","null","1","'2020-08-14T20:51:53.453+00:00'","'2020-08-14T20:51:53.453+00:00'"
"232","'c?'","0","1","'ci?'","'tsi''","'?'","'concede, near (a second person there). (lit. that which is away from me but near you; all right)'","'n., adv.'","''","''","null","null","1","'2020-08-14T20:51:53.458+00:00'","'2020-08-14T20:51:53.458+00:00'"
"233","'c?'","0","2","'e n+cí?'","'entsi''","''","'there (near you).'","'adv.'","''","''","null","null","1","'2020-08-14T20:51:53.464+00:00'","'2020-08-14T20:51:53.464+00:00'"
"234","'c?'","0","3","'t'i?+ci?'","'t'i'tsi''","''","'adequate, sufficient. (lit. That is enough)'","'adj.'","''","':'","null","null","1","'2020-08-14T20:51:53.471+00:00'","'2020-08-14T20:51:53.471+00:00'"
"235","'c?'","0","4","'te?+ci?'","'techtsi''","''","'there (over there).'","'adv.'","''","''","null","null","1","'2020-08-14T20:51:53.482+00:00'","'2020-08-14T20:51:53.482+00:00'"
"236","'c?'","0","5","'mel'+ci?'","'me'ltsi''","''","'by that.'","'adv.'","''","''","null","null","1","'2020-08-14T20:51:53.494+00:00'","'2020-08-14T20:51:53.494+00:00'"
"237","'c?'","0","6","'cut ci?'","'tsut tsi''","''","'although.'","'conj.'","''","''","null","null","1","'2020-08-14T20:51:53.503+00:00'","'2020-08-14T20:51:53.503+00:00'"
"238","'c?'","0","7","'te?+ci???'","'techtsi'sh'","''","'begone!, get (...away!), go (You)...in that direction!).'","'vi.'","''","''","null","null","1","'2020-08-14T20:51:53.508+00:00'","'2020-08-14T20:51:53.508+00:00'"
"239","'c?t'","0","1","'co?ót'","'tso'ot'","'?'","'bawl, blubber, wailed (h/s...). (lit. He cried out loudly)'","'vi.'","''","''","null","null","1","'2020-08-14T20:51:53.515+00:00'","'2020-08-14T20:51:53.515+00:00'"
"240","'c?t'","0","2","'co?ot'","'tso'ot'","''","'sob, weep.'","'stem vi.'","''","''","null","null","1","'2020-08-14T20:51:53.524+00:00'","'2020-08-14T20:51:53.524+00:00'"
"241","'c?t'","0","3","'s+có?ot'","'stso'ot'","''","'wailing, weeping.'","'vi.'","''","''","null","null","1","'2020-08-14T20:51:53.536+00:00'","'2020-08-14T20:51:53.536+00:00'"
"242","'c?t'","0","4","'co?o·t=álumx?'","'tso'ootalumkhw'","'//'","'brownie, elf. (lit. one who weeps, wails about on the land)'","'n.'","''","''","null","null","1","'2020-08-14T20:51:53.541+00:00'","'2020-08-14T20:51:53.541+00:00'"
"243","'c'?'","1","1","'hn+c'á?'=qn'","'hnts'ach'qn'","'//'","'log (...on the head).'","'n.'","''","''","null","null","1","'2020-08-14T20:51:53.548+00:00'","'2020-08-14T20:51:53.548+00:00'"
"244","'c'?'","1","2","'hn+c'a?=qn'","'hnts'achqn'","''","'mountain northeast of Plummer.'","'n.'","''","''","null","null","1","'2020-08-14T20:51:53.561+00:00'","'2020-08-14T20:51:53.561+00:00'"
"245","'c'?'","2","1","'c'e?'","'ts'ech'","'?'","'count, number.'","'stem vt.'","''","''","null","null","1","'2020-08-14T20:51:53.583+00:00'","'2020-08-14T20:51:53.583+00:00'"
"246","'c'?'","2","2","'s+c'é?+?'","'sts'echch'","''","'amount, numbers.'","'n.'","''","''","null","null","1","'2020-08-14T20:51:53.598+00:00'","'2020-08-14T20:51:53.598+00:00'"
"247","'c'?'","2","3","'s+c'é?+m'","'sts'echm'","''","'computation. (lit. counting)'","'n.'","''","''","null","null","1","'2020-08-14T20:51:53.606+00:00'","'2020-08-14T20:51:53.606+00:00'"
"248","'c'?'","2","4","'s+cen+c'é?+m'","'stsents'echm'","''","'auction. (lit. counting from under)'","'n.'","''","''","null","null","1","'2020-08-14T20:51:53.617+00:00'","'2020-08-14T20:51:53.617+00:00'"
"249","'c'?'","2","5","'sye·+c'é?+m'","'syeets'echm'","''","'counter. (lit. One who counts)'","'n.'","''","''","null","null","1","'2020-08-14T20:51:53.622+00:00'","'2020-08-14T20:51:53.622+00:00'"
"250","'c'?'","2","6","'sye·+c'é?+n'","'syeets'echn'","''","'computer. (lit. One who counts)'","'n.'","''","''","null","null","1","'2020-08-14T20:51:53.632+00:00'","'2020-08-14T20:51:53.632+00:00'"
"251","'c'?'","2","7","'hn+c'é?=us'","'hnts'echus'","'//'","'accounted, ciphered, computed, counted.'","'v.'","''","''","null","null","1","'2020-08-14T20:51:53.645+00:00'","'2020-08-14T20:51:53.645+00:00'"
"252","'c'?'","2","8","'hn+c'e?=us'","'hnts'echus'","''","'calculate, count, compute, figure.'","'vi.'","''","''","null","null","1","'2020-08-14T20:51:53.652+00:00'","'2020-08-14T20:51:53.652+00:00'"
"253","'c'?'","2","9","'hn+c'?=us+n'","'hnts'chusn'","''","'calculation.'","'n.'","''","''","null","null","1","'2020-08-14T20:51:53.658+00:00'","'2020-08-14T20:51:53.658+00:00'"
"254","'c'?'","2","10","'hn+c'?=ús+n'","'hnts'chusn'","''","'calculator. (lit. keyboard machine for the automatic performance of arithmetic operations)'","'n.'","''","''","null","null","1","'2020-08-14T20:51:53.664+00:00'","'2020-08-14T20:51:53.664+00:00'"
"255","'c'?'","2","11","'s+n+c'e?=us'","'snts'echus'","''","'calculation.'","'n.'","''","''","null","null","1","'2020-08-14T20:51:53.674+00:00'","'2020-08-14T20:51:53.674+00:00'"
"256","'c'?'","2","12","'s+n+c'é?=us'","'snts'echus'","''","'algebra, arithmetic, figuring. (lit. counting heads (faces)'","'n.'","''","''","null","null","1","'2020-08-14T20:51:53.679+00:00'","'2020-08-14T20:51:53.679+00:00'"
"257","'c'?'","2","13","'sye+n+c'é?=us'","'syents'echus'","''","'bookeeper. (lit. One who counts heads)'","'n.'","''","''","null","null","1","'2020-08-14T20:51:53.69+00:00'","'2020-08-14T20:51:53.69+00:00'"
"258","'c'?'","2","14","'s+c'?=ásq'it'","'sts'chasq'it'","''","'almanac, calendar. (lit. means of counting days or skies)'","'n.'","''","''","null","null","1","'2020-08-14T20:51:53.701+00:00'","'2020-08-14T20:51:53.701+00:00'"
"259","'c'?'","2","15","'t+c'á?=alqs'","'Tts'achalqs'","''","'Tekoa Mountain. (lit. numbered point)'","'n.'","''","''","null","null","1","'2020-08-14T20:51:53.707+00:00'","'2020-08-14T20:51:53.707+00:00'"
"260","'c'?'","2","16","'cen+c'é??nt?s'","'tsents'echnts'","'?'","'evaluate, to appraise. (lit. He counted it from under)'","'vt.'","''","''","null","null","1","'2020-08-14T20:51:53.714+00:00'","'2020-08-14T20:51:53.714+00:00'"
"261","'c'?'","3","1","'c'i?'","'ts'ich'","'?'","'prickly, rough.'","'stem adj.'","''","':'","null","null","1","'2020-08-14T20:51:53.724+00:00'","'2020-08-14T20:51:53.724+00:00'"
"262","'c'k?'","0","1","'c'ék?+k?'","'ts'ekukw'","'?'","'alder shrub, bearberries, elderberries.'","'n.'","''","''","null","null","1","'2020-08-14T20:51:53.731+00:00'","'2020-08-14T20:51:53.731+00:00'"
"263","'c'k?'","0","2","'c'ák?+k?=alq?'","'ts'akukwalqw'","'//'","'elderberry bush.'","'n.'","''","''","null","null","1","'2020-08-14T20:51:53.74+00:00'","'2020-08-14T20:51:53.74+00:00'"
"264","'c'k??'","0","1","'c'ik?e?'","'ts'ikwe''","'?'","'left?handed.'","'stem adj.'","''","':'","null","null","1","'2020-08-14T20:51:53.747+00:00'","'2020-08-14T20:51:53.747+00:00'"
"265","'c'k??'","0","2","'et+c'ík?e?'","'etts'ikwe''","''","'left?handed. (lit. He is...)'","'adj.'","''","':'","null","null","1","'2020-08-14T20:51:53.752+00:00'","'2020-08-14T20:51:53.752+00:00'"
"266","'c'k??'","0","3","'s+t+c'i?k?e?'","'stts'i'kwe'","''","'hand (left...).'","'n.'","''","''","null","null","1","'2020-08-14T20:51:53.766+00:00'","'2020-08-14T20:51:53.766+00:00'"
"267","'c'k??'","0","4","'s+t+c'ík?e?'","'stts'ikwe''","''","'left hand.'","'n.'","''","''","null","null","1","'2020-08-14T20:51:53.781+00:00'","'2020-08-14T20:51:53.781+00:00'"
"268","'c'k??'","0","5","'?n'?t+c'ík?e?'","'ch'ntts'ikwe''","''","'(lit. I am left?handed).'","'vt.'","''","''","null","null","1","'2020-08-14T20:51:53.796+00:00'","'2020-08-14T20:51:53.796+00:00'"
"269","'c'k??'","0","6","'ta? s+t+c'ík?e?'","'tach stts'ikwe''","'§'","'apart. (lit. toward the left hand)'","'n.'","''","''","null","null","1","'2020-08-14T20:51:53.809+00:00'","'2020-08-14T20:51:53.809+00:00'"
"270","'c'k??'","0","7","'te?+s+c'ík?e?'","'tech stts'ikwe''","''","'apart (lit. toward the left hand).'","'n.'","''","''","null","null","1","'2020-08-14T20:51:53.815+00:00'","'2020-08-14T20:51:53.815+00:00'"
"271","'c'k?n'","0","1","'s+c'uk?ín+m'","'st'sukwinm'","'?'","'running (of a human being).'","'n.'","''","''","null","null","1","'2020-08-14T20:51:53.822+00:00'","'2020-08-14T20:51:53.822+00:00'"
"272","'c'k?n'","0","2","'c'uk?k?ín+m'","'ts'ukukwinm'","''","'balance (he ran to regain...), ran (he...to regain balance).'","'n., vi.'","''","''","null","null","1","'2020-08-14T20:51:53.827+00:00'","'2020-08-14T20:51:53.827+00:00'"
"273","'c'k?n'","0","3","'c'uk?+c'uk?ín'+m''","'ts'ukwts'ukwi'n'm'","''","'practiced (he...running), running (he practiced...).'","'vt., n.'","''","''","null","null","1","'2020-08-14T20:51:53.841+00:00'","'2020-08-14T20:51:53.841+00:00'"
"274","'c'k?n'","0","4","'?n?cuk?ín+m'","'chntsukwinm'","''","'ran. (lit. I ran)'","'vt.'","''","''","null","null","1","'2020-08-14T20:51:53.853+00:00'","'2020-08-14T20:51:53.853+00:00'"
"275","'c'k?n'","0","5","'?n?t+c'uk?en+?+niw''","'chntts'ukwen?ni'w'","''","'(lit. I ran by the side of, i.e., moving car).'","'vt.'","''","''","null","null","1","'2020-08-14T20:51:53.858+00:00'","'2020-08-14T20:51:53.858+00:00'"
"276","'c'k'?'","0","1","'c'ek'?'","'ts'ek'w'","'?'","'poke.'","'stem vt.'","''","''","null","null","1","'2020-08-14T20:51:53.87+00:00'","'2020-08-14T20:51:53.87+00:00'"
"277","'c'k'?'","0","2","'c'ek'?'","'ts'ek'w'","''","'stiff (ref. to body), to be stiff (as bones).'","'stem adj.'","''","':'","null","null","1","'2020-08-14T20:51:53.875+00:00'","'2020-08-14T20:51:53.875+00:00'"
"333","'c'm''","2","2","'s+cóm'+m'","'stso'mm'","''","'sucking.'","'n.'","'[also recorded as cm']'","''","null","null","1","'2020-08-14T20:51:54.372+00:00'","'2020-08-14T20:51:54.372+00:00'"
"278","'c'k'?'","0","3","'c'uk'?+mín+n'","'ts'uk'wminn'","''","'cue. (lit. means of thrusting; the tapering rod used in billiards, pool)'","'n.'","''","''","null","null","1","'2020-08-14T20:51:53.885+00:00'","'2020-08-14T20:51:53.885+00:00'"
"279","'c'k'?'","0","4","'cen+c'uk'?+mín+n'","'tsents'uk'wminn'","''","'column, buttress, support. (lit. a prop)'","'n.'","''","''","null","null","1","'2020-08-14T20:51:53.892+00:00'","'2020-08-14T20:51:53.892+00:00'"
"280","'c'k'?'","0","5","'e cen+c'ék'?'","'etsents'ek'w'","''","'braced, bracketed, supported (to be...). (lit. It is propped up)'","'vi.'","''","''","null","null","1","'2020-08-14T20:51:53.902+00:00'","'2020-08-14T20:51:53.902+00:00'"
"281","'c'k'?'","0","6","'c'uk'?=í?s+n'","'ts'uk'wichsn'","'//'","'cane. (lit. walking stick)'","'n.'","''","''","null","null","1","'2020-08-14T20:51:53.907+00:00'","'2020-08-14T20:51:53.907+00:00'"
"282","'c'k'?'","0","7","'hn+c'ok'?+c'ok'?=áx?n'","'hnts'ok'wts'ok'waqhn'","''","'crutches. (lit. means of supporting the armpits)'","'n.'","''","''","null","null","1","'2020-08-14T20:51:53.913+00:00'","'2020-08-14T20:51:53.913+00:00'"
"283","'c'k'?'","0","8","'li·bé? he c'uk'?=í?s+is'","'liibech he ts'uk'wichsis'","'§'","'crosier. (lit. a bishop's staff (cane'","'n.'","''","''","null","null","1","'2020-08-14T20:51:53.92+00:00'","'2020-08-14T20:51:53.92+00:00'"
"284","'c'l'","1","1","'?a·+c'ál=alqs.'","'Chaats'alalqs'","'//'","'Tensed, Idaho. (lit. Grove on a spur)'","'n.'","''","''","null","null","1","'2020-08-14T20:51:53.926+00:00'","'2020-08-14T20:51:53.926+00:00'"
"285","'c'l'","2","1","'c'el'","'ts'el'","'?'","'stand (ref. to a person).'","'stem vi.'","''","''","null","null","1","'2020-08-14T20:51:53.939+00:00'","'2020-08-14T20:51:53.939+00:00'"
"286","'c'l'","2","2","'c'el'+l''","'ts'e'l'l'","''","'arrive, stop (come to a...).'","'vi.'","''","''","null","null","1","'2020-08-14T20:51:53.945+00:00'","'2020-08-14T20:51:53.945+00:00'"
"287","'c'l'","2","3","'c'él[']+l''","'ts'el'l'","''","'arrive. (lit. He reached his destination)'","'vi.'","''","''","null","null","1","'2020-08-14T20:51:53.956+00:00'","'2020-08-14T20:51:53.956+00:00'"
"288","'c'l'","2","4","'s+c'él'+l''","'sts'e'l'l.'","''","'arrival (of one person).'","'n.'","''","''","null","null","1","'2020-08-14T20:51:53.971+00:00'","'2020-08-14T20:51:53.971+00:00'"
"289","'c'l'","2","5","'c'el+i?'","'ts'elish'","''","'arise, rise, stand (up).'","'vi.'","''","''","null","null","1","'2020-08-14T20:51:53.987+00:00'","'2020-08-14T20:51:53.987+00:00'"
"290","'c'l'","2","6","'c'él+i?'","'ts'elish'","''","'arose (He...), came (He...to a standstill), got (He...up from a chair), stood (He...up).'","'vi.'","''","''","null","null","1","'2020-08-14T20:51:53.999+00:00'","'2020-08-14T20:51:53.999+00:00'"
"291","'c'l'","2","7","'s+?i·+c'él+i?'","'schiits'elis'","''","'moon (new...).'","'n.'","''","''","null","null","1","'2020-08-14T20:51:54.007+00:00'","'2020-08-14T20:51:54.007+00:00'"
"292","'c'l'","2","8","'e·+c'él+m+ncut'","'eets'elmntsut'","''","'budge, move. (lit. It moves itself)'","'vi.'","''","''","null","null","1","'2020-08-14T20:51:54.02+00:00'","'2020-08-14T20:51:54.02+00:00'"
"293","'c'l'","2","9","'i·+c'él+m+ncut'","'iits'elmntsut'","''","'astir, bestir. (lit. He is moving himself)'","'vt.'","''","''","null","null","1","'2020-08-14T20:51:54.033+00:00'","'2020-08-14T20:51:54.033+00:00'"
"294","'c'l'","2","10","'c'el=álq?'","'ts'elalqw'","'//'","'to play with the stick game (lit. setting up sticks against a board).'","'v.'","''","''","null","null","1","'2020-08-14T20:51:54.043+00:00'","'2020-08-14T20:51:54.043+00:00'"
"295","'c'l'","2","11","'s+t+c'ál=[q]n'","'stts'alwn'","''","'cowlick.'","'n.'","''","''","null","null","1","'2020-08-14T20:51:54.052+00:00'","'2020-08-14T20:51:54.052+00:00'"
"296","'c'l'","2","12","'c'l+l+í?=ul'umx?'","'ts'llishu'lumkhw'","''","'alight. (lit. The bird came to a stand after a flight)'","'vi.'","''","''","null","null","1","'2020-08-14T20:51:54.058+00:00'","'2020-08-14T20:51:54.058+00:00'"
"297","'c'l'","2","13","'c'l=qín+n'","'ts'lqinn'","''","'bonnet, war?bonnet. (means of putting juttings up from the head)'","'n.'","''","''","null","null","1","'2020-08-14T20:51:54.064+00:00'","'2020-08-14T20:51:54.064+00:00'"
"298","'c'l'","2","14","'s+c'l=qín'","'sts'lqin'","''","'headdress.'","'n.'","''","''","null","null","1","'2020-08-14T20:51:54.072+00:00'","'2020-08-14T20:51:54.072+00:00'"
"299","'c'l'","3","1","'c'l=í?t+m'","'ts'lichtm'","'//'","'bungle. (lit. He acted ineptly or inef­ficiently)'","'vi.'","''","''","null","null","1","'2020-08-14T20:51:54.077+00:00'","'2020-08-14T20:51:54.077+00:00'"
"300","'c'ls'","0","1","'c'alus'","'ts'alus'","'?'","'kingfish, kingfisher (bird).'","'n.'","''","''","null","null","1","'2020-08-14T20:51:54.089+00:00'","'2020-08-14T20:51:54.089+00:00'"
"301","'c'lx??'","0","1","'c'alx??'","'ts'alqhw'","'?'","'claw. (scratch with claws)'","'stem vt.'","''","''","null","null","1","'2020-08-14T20:51:54.095+00:00'","'2020-08-14T20:51:54.095+00:00'"
"302","'c'lx??'","0","2","'c'lx??+mín+n'","'ts'lqhuminn'","''","'claw. (lit. means of scratching)'","'n.'","''","''","null","null","1","'2020-08-14T20:51:54.103+00:00'","'2020-08-14T20:51:54.103+00:00'"
"303","'c'lx??'","0","3","'c'álx???nt?s'","'ts'alqhwnts'","'?'","'fingernails (he scratched it with his...), scratched (he...it with his fingernails).'","'n., vt.'","''","''","null","null","1","'2020-08-14T20:51:54.111+00:00'","'2020-08-14T20:51:54.111+00:00'"
"304","'c'lx??'","0","4","'c'álx???nt?se?s'","'ts'alqhwntses'","''","'claw. (lit. He (cat) clawed me)'","'vt.'","''","''","null","null","1","'2020-08-14T20:51:54.123+00:00'","'2020-08-14T20:51:54.123+00:00'"
"305","'c'l''","1","1","'c'il''","'ts'i'l'","'?'","'outline, shadow.'","'stem n.'","''","''","null","null","1","'2020-08-14T20:51:54.129+00:00'","'2020-08-14T20:51:54.129+00:00'"
"306","'c'l''","1","2","'s+c'íl'+c'el'+t'","'sts'i'lts'e'lt'","''","'contour, shadow.'","'n.'","''","''","null","null","1","'2020-08-14T20:51:54.14+00:00'","'2020-08-14T20:51:54.14+00:00'"
"307","'c'l''","1","3","'k'?l'+?+c[']íl'+c'el'+t'","'k'u'l?tsi'lts'e'lt'","'§'","'delineate. (lit. He formed a shadow)'","'vt.'","''","''","null","null","1","'2020-08-14T20:51:54.146+00:00'","'2020-08-14T20:51:54.146+00:00'"
"308","'c'l''","2","1","'c'ul''","'ts'u'l'","'?'","'news (bad...), tidings (ill...).'","'stem n.'","''","''","null","null","1","'2020-08-14T20:51:54.157+00:00'","'2020-08-14T20:51:54.157+00:00'"
"309","'c'l''","2","2","'c'el+l'","'ts'ell'","''","'to fear a fierce one.'","''","''","''","null","null","1","'2020-08-14T20:51:54.161+00:00'","'2020-08-14T20:51:54.161+00:00'"
"310","'c'l''","2","3","'c'él'+p'","'ts'e'lp'","''","'He became frightened.'","'v.'","''","''","null","null","1","'2020-08-14T20:51:54.173+00:00'","'2020-08-14T20:51:54.173+00:00'"
"311","'c'l''","2","4","'?n?c'él'+p'","'chnts'e'lp'","''","'horrified. (lit. I was horrified)'","'vt.'","''","''","null","null","1","'2020-08-14T20:51:54.18+00:00'","'2020-08-14T20:51:54.18+00:00'"
"312","'c'l''","2","5","'c'él'+c'l'+t'","'ts'e'lts''lt'","''","'frightening (It is...), is (one who...horrible, fierce).'","'vi.'","''","''","null","null","1","'2020-08-14T20:51:54.185+00:00'","'2020-08-14T20:51:54.185+00:00'"
"313","'c'l''","2","6","'c'él'+p'","'ts'e'lp'","''","'frightened (He became...).'","'adj.'","''","':'","null","null","1","'2020-08-14T20:51:54.189+00:00'","'2020-08-14T20:51:54.189+00:00'"
"314","'c'l''","2","7","'c'él'+s+c'l'+t'","'ts'e'lsts''lt'","''","'fierce, horrible (one who is horrible or fierce).'","'adj.'","''","':'","null","null","1","'2020-08-14T20:51:54.195+00:00'","'2020-08-14T20:51:54.195+00:00'"
"315","'c'l''","2","8","'s+c'él'+c'l+t'","'sts'e'lts'lt'","''","'fright. (confuse'","'n.'","''","''","null","null","1","'2020-08-14T20:51:54.203+00:00'","'2020-08-14T20:51:54.203+00:00'"
"316","'c'?'","0","1","'c'i?'","'ts'i?'","'?'","'cool (weather).'","'stem adj.'","''","':'","null","null","1","'2020-08-14T20:51:54.216+00:00'","'2020-08-14T20:51:54.216+00:00'"
"317","'c'?'","0","2","'c'í??'","'ts'i'?'","''","'cooled (it...off).'","'vi.'","''","''","null","null","1","'2020-08-14T20:51:54.229+00:00'","'2020-08-14T20:51:54.229+00:00'"
"318","'c'?'","0","3","'u· c'í?'","'uuts'i?'","''","'cool.'","'adj.'","''","':'","null","null","1","'2020-08-14T20:51:54.243+00:00'","'2020-08-14T20:51:54.243+00:00'"
"319","'c'?'","0","4","'u c'u+c'e??í·'","'uts'uts'e'?iii'","''","'cool (It remains...).'","'adj.'","''","':'","null","null","1","'2020-08-14T20:51:54.253+00:00'","'2020-08-14T20:51:54.253+00:00'"
"320","'c'm'","0","1","'c'am'","'ts'am'","'?'","'pointed (almost..., as a football).'","'stem adj.'","''","':'","null","null","1","'2020-08-14T20:51:54.259+00:00'","'2020-08-14T20:51:54.259+00:00'"
"321","'c'm'","0","2","'c'ám+c'm=alqs'","'ts'amts'malqs'","'//'","'pears. (lit. pointed at the ends)'","'n.'","''","''","null","null","1","'2020-08-14T20:51:54.27+00:00'","'2020-08-14T20:51:54.27+00:00'"
"322","'c'm''","1","1","'s+c'am''","'sts'a'm'","'?'","'bone.'","'n.'","''","''","null","null","1","'2020-08-14T20:51:54.279+00:00'","'2020-08-14T20:51:54.279+00:00'"
"323","'c'm''","1","2","'u s+c'ám''","'usts'a'm'","''","'bone (It is all...).'","'n.'","''","''","null","null","1","'2020-08-14T20:51:54.285+00:00'","'2020-08-14T20:51:54.285+00:00'"
"324","'c'm''","1","3","'s+c'ám'=qn'","'sts'a'mqn'","'//'","'brain, cerebellum, cerebrum.'","'n.'","''","''","null","null","1","'2020-08-14T20:51:54.296+00:00'","'2020-08-14T20:51:54.296+00:00'"
"325","'c'm''","1","4","'ul s+c'ám'=qn'","'ul sts'a'mqn'","''","'cerebral. (lit. of or pertaining to the brain)'","'adj.'","''","':'","null","null","1","'2020-08-14T20:51:54.304+00:00'","'2020-08-14T20:51:54.304+00:00'"
"326","'c'm''","1","5","'hn+c'+c'm=ál'n'","'hnts'ts'ma'ln'","''","'arrowhead. (lit. piece of bone on end of an arrow)'","'n.'","''","''","null","null","1","'2020-08-14T20:51:54.309+00:00'","'2020-08-14T20:51:54.309+00:00'"
"327","'c'm''","1","6","'ac+p'n+p'n'+as+c'am''","'atsp'np'nasts'a'm'","'§'","'H/h bones are in a lying posi­tion.'","'vi.'","''","''","null","null","1","'2020-08-14T20:51:54.317+00:00'","'2020-08-14T20:51:54.317+00:00'"
"328","'c'm''","1","7","'?a??+s+c'ám''","'(a(wsts'a'm'","''","'bony. (lit. it has many bones)'","'adj.'","''","':'","null","null","1","'2020-08-14T20:51:54.323+00:00'","'2020-08-14T20:51:54.323+00:00'"
"329","'c'm''","1","8","'u+x??al'+á s+c'am''","'uqhwa'la sts'a'm'","''","'bony. (lit. It is like a bone)'","'adj.'","''","':'","null","null","1","'2020-08-14T20:51:54.331+00:00'","'2020-08-14T20:51:54.331+00:00'"
"330","'c'm''","1","9","'x?amá+[c]'am''","'qhamast'a'm'","''","'heavy?boned. (lit. He is heavy as to the bone)'","'adj.'","''","':'","null","null","1","'2020-08-14T20:51:54.345+00:00'","'2020-08-14T20:51:54.345+00:00'"
"331","'c'm''","1","10","'x?am+a+s+c'am' ? dol+dólq'?+t'","'qhamats'a'm ? doldolq'wt'","''","'burly, husky. (lit. He is heavy?boned and strong)'","'adj.'","''","':'","null","null","1","'2020-08-14T20:51:54.357+00:00'","'2020-08-14T20:51:54.357+00:00'"
"332","'c'm''","2","1","'c'o[m]''","'ts'o'n'","'?'","'suck (on a solid object).'","'stem vt.'","''","''","null","null","1","'2020-08-14T20:51:54.368+00:00'","'2020-08-14T20:51:54.368+00:00'"
"334","'c'm''","2","3","'s+c'úm'+m'","'sts'u'mm'","''","'making the sound of sucking.'","'vt.'","''","''","null","null","1","'2020-08-14T20:51:54.38+00:00'","'2020-08-14T20:51:54.38+00:00'"
"335","'c'm''","2","4","'is+c'úm'+c'm'+i?'","'ists'u'mts'u'mish'","''","'H/S is making the sound of sucking; h/s is making the sound of a mouse.'","'vt.'","''","''","null","null","1","'2020-08-14T20:51:54.394+00:00'","'2020-08-14T20:51:54.394+00:00'"
"336","'c'm''","2","5","'c'óm'?nt?s'","'ts'o'mnts'","'?'","'sucked (H/s...on it), sucked (he...it).'","'vi., vt.'","''","''","null","null","1","'2020-08-14T20:51:54.405+00:00'","'2020-08-14T20:51:54.405+00:00'"
"337","'c'm'?'","0","1","'s+c'óm'+c'om'?+t'","'sts'o'mts'o'm?t'","'?'","'abscess, boil, carbuncle.'","'n.'","'[see also mc'?t]'","''","null","null","1","'2020-08-14T20:51:54.412+00:00'","'2020-08-14T20:51:54.412+00:00'"
"338","'c'p'","0","1","'u+y+c'óp'","'uyts'op'","'?'","'grasp, hold (H/i suddenly gets a very tight hold or grasp), suddenly (it...became tightened).'","'adv., n.'","''","''","null","null","1","'2020-08-14T20:51:54.426+00:00'","'2020-08-14T20:51:54.426+00:00'"
"339","'c'p'","0","2","'ya+c'p'","'yats'p'","''","'clam up (lit. It became tightened up).'","'vt.'","''","''","null","null","1","'2020-08-14T20:51:54.439+00:00'","'2020-08-14T20:51:54.439+00:00'"
"340","'c'p'","0","3","'*ye+c'óp'","'yetsop'","''","'to tighten (suddenly).'","''","''","''","null","null","1","'2020-08-14T20:51:54.455+00:00'","'2020-08-14T20:51:54.455+00:00'"
"341","'c'p'","0","4","'s+y+c'p=a'wes'","'syts'pa'wes'","'//'","'connection, tightening together.'","'n.'","''","''","null","null","1","'2020-08-14T20:51:54.468+00:00'","'2020-08-14T20:51:54.468+00:00'"
"342","'c'p'","0","5","'s+n+c'ip=s+m'","'snts'ipsm'","''","'cat nap. (lit. an eye pinching)'","'n.'","'[xref c'p']'","''","null","null","1","'2020-08-14T20:51:54.477+00:00'","'2020-08-14T20:51:54.477+00:00'"
"343","'c'p''","1","1","'c'ep''","'ts'ep''","'?'","'airtight, lightproof.'","'stem adj.'","''","':'","null","null","1","'2020-08-14T20:51:54.492+00:00'","'2020-08-14T20:51:54.492+00:00'"
"344","'c'p''","1","2","'c'ep+m?st?m'","'ts'epmstm'","'?'","'caulk. (lit. It (canoe) was made water­tight by packing seams with pitch'","'vt.'","'[xref c'p]'","''","null","null","1","'2020-08-14T20:51:54.5+00:00'","'2020-08-14T20:51:54.5+00:00'"
"345","'c'p''","2","1","'c'ip''","'ts'ip'","'?'","'pinch.'","'stem v.'","''","''","null","null","1","'2020-08-14T20:51:54.508+00:00'","'2020-08-14T20:51:54.508+00:00'"
"346","'c'p''","2","2","'hn+c'ap'?s'","'hnts'ap's'","'?'","'She \'snapped\' her eyes (a sign of contempt).'","'v.'","''","''","null","null","1","'2020-08-14T20:51:54.525+00:00'","'2020-08-14T20:51:54.525+00:00'"
"347","'c'p''","2","3","'c'+c'íp'?n't?s'","'ts'ts'ip''nts'","''","'chuck. (lit. He pinched her slightly (playfully)'","'vt.'","'[xref c'p, ?'p'1]'","''","null","null","1","'2020-08-14T20:51:54.538+00:00'","'2020-08-14T20:51:54.538+00:00'"
"348","'c'p'l'","0","1","'s+c'ip'al+yóh+m'","'sts'ip'alyohm'","'§'","'dole. (lit. dealing out something sparingly)'","'vt.'","''","''","null","null","1","'2020-08-14T20:51:54.543+00:00'","'2020-08-14T20:51:54.543+00:00'"
"349","'c'p'q''","0","1","'c'ap'q'","'ts'ap'q''","'?'","'adhere, stick to (as glue). (adhere)'","'stem vi.'","'[also recorded as c'p'q]'","''","null","null","1","'2020-08-14T20:51:54.557+00:00'","'2020-08-14T20:51:54.557+00:00'"
"350","'c'p'q''","0","2","'t+c'áp'q'","'tts'ap'q'","''","'adhere, stick to. (lit. It stuck fast as if glued to something; he became firmly attached)'","'vi., vt.'","''","''","null","null","1","'2020-08-14T20:51:54.571+00:00'","'2020-08-14T20:51:54.571+00:00'"
"351","'c'p'q''","0","3","'c'p'q'+mín+n'","'ts'p'q'minn'","''","'glue, agglutinin.'","'n.'","''","''","null","null","1","'2020-08-14T20:51:54.578+00:00'","'2020-08-14T20:51:54.578+00:00'"
"352","'c'p'q''","0","4","'?a[t]+c'p'q'=i?x?+n'","'chats'p'q'i?khwn'","'//'","'asphalt, glue for the roof. (black?top, pitch. (lit. means of paving roads)'","'n.'","''","''","null","null","1","'2020-08-14T20:51:54.587+00:00'","'2020-08-14T20:51:54.587+00:00'"
"353","'c'p'q''","0","5","'s+c'p'q'=íw'es'","'sts'p'q'i'wes'","''","'cohesion. (lit. sticking together)'","'n.'","''","''","null","null","1","'2020-08-14T20:51:54.598+00:00'","'2020-08-14T20:51:54.598+00:00'"
"354","'c'p'q''","0","6","'c'p'q'=íw'es?nt?s'","'ts'p'q'i'wesnts'","'?'","'agglutinate. (lit. He stuck two or more things together)'","'vt.'","''","''","null","null","1","'2020-08-14T20:51:54.608+00:00'","'2020-08-14T20:51:54.608+00:00'"
"355","'c'p'q''","0","7","'c'p'q'=íw'es?n'","'ts'p'q'i'wesn'","''","'compose. (lit. I stuck it together)'","'vt.'","''","''","null","null","1","'2020-08-14T20:51:54.621+00:00'","'2020-08-14T20:51:54.621+00:00'"
"356","'c'p'q''","0","8","'t+c'áp'q'?n'","'tts'ap'q'n'","''","'annex. (lit. I glued it to something else)'","'v.'","''","''","null","null","1","'2020-08-14T20:51:54.627+00:00'","'2020-08-14T20:51:54.627+00:00'"
"357","'c'p'x??'","0","1","'c'+c'p'x??=íl'=us'","'Ts'ts'p'qhwi'lus'","'?'","'hole (tiny...). (lit. little spring north of Old Daniel place, west of De Smet, Idaho)'","'n.'","''","''","null","null","1","'2020-08-14T20:51:54.64+00:00'","'2020-08-14T20:51:54.64+00:00'"
"358","'c'q''","0","1","'c'aq''","'ts'aq''","'?'","'batch, bunched, clumped, cluster.'","'n.'","''","''","null","null","1","'2020-08-14T20:51:54.647+00:00'","'2020-08-14T20:51:54.647+00:00'"
"359","'c'q''","0","2","'a·+c'áq''","'aats'aq''","''","'cluster, system (root or nerve). (lit. A cluster or clump of bushes)'","'n.'","''","''","null","null","1","'2020-08-14T20:51:54.657+00:00'","'2020-08-14T20:51:54.657+00:00'"
"360","'c'q''","0","3","'a·+c'áq''","'aats'aq''","''","'clump. (bushes)'","'n.'","''","''","null","null","1","'2020-08-14T20:51:54.662+00:00'","'2020-08-14T20:51:54.662+00:00'"
"361","'c'q''","0","4","'c'aq'=álx?'","'ts'aq'alqh'","'//'","'battery.'","'n.'","''","''","null","null","1","'2020-08-14T20:51:54.676+00:00'","'2020-08-14T20:51:54.676+00:00'"
"362","'c'q''","0","5","'c'aq'=álx'","'ts'aq'alkh'","''","'brain, brainpower.'","'n.'","''","''","null","null","1","'2020-08-14T20:51:54.69+00:00'","'2020-08-14T20:51:54.69+00:00'"
"363","'c'q''","0","6","'ul c'aq'=álx?'","'ul ts'aq'alqh'","''","'cerebro?spinal. (lit. pertaining to the brain and spinal cord)'","'adj.'","''","':'","null","null","1","'2020-08-14T20:51:54.707+00:00'","'2020-08-14T20:51:54.707+00:00'"
"364","'c'q''","0","7","'c'áq'=a?p'","'ts'aq'a?p'","''","'fir.'","'n.'","''","''","null","null","1","'2020-08-14T20:51:54.72+00:00'","'2020-08-14T20:51:54.72+00:00'"
"365","'c'q''","0","8","'c'áq'=e?p'","'ts'aq'e?p'","''","'fir.'","'n.'","''","''","null","null","1","'2020-08-14T20:51:54.727+00:00'","'2020-08-14T20:51:54.727+00:00'"
"366","'c'q?'","1","1","'c'eq?'","'ts'eqw'","'?'","'butcher.'","'stem n.'","''","''","null","null","1","'2020-08-14T20:51:54.74+00:00'","'2020-08-14T20:51:54.74+00:00'"
"367","'c'q?'","2","1","'c'uq?+[c]'uq?+?s+n'cút'","'ts'uqwt'uqwchs'ntsut'","'?'","'acclaim. (lit. clapping one's hands)'","'n.'","''","''","null","null","1","'2020-08-14T20:51:54.753+00:00'","'2020-08-14T20:51:54.753+00:00'"
"368","'c'q'?'","0","1","'c'+c'óq'?=ops'","'ts'ts'oq'ops'","''","'nit, young of lice.  (larvae of lice)'","'n.'","''","''","null","null","1","'2020-08-14T20:51:54.771+00:00'","'2020-08-14T20:51:54.771+00:00'"
"369","'c'q'?'","0","2","'c'+c'óq'?+l'=ípe?'","'ts'ts'oq''lipe''","''","'red nit.'","'n.'","''","''","null","null","1","'2020-08-14T20:51:54.775+00:00'","'2020-08-14T20:51:54.775+00:00'"
"370","'c'q'?n'","0","1","'c'uq'?n'","'ts'uq'un'","'?'","'pronounce.'","'stem vt.'","''","''","null","null","1","'2020-08-14T20:51:54.786+00:00'","'2020-08-14T20:51:54.786+00:00'"
"371","'c'q'?n'","0","2","'c'uq'?n+cút'","'ts'uq'wntsut'","''","'name (H/s pronounced h/h own...).'","'n.'","''","''","null","null","1","'2020-08-14T20:51:54.795+00:00'","'2020-08-14T20:51:54.795+00:00'"
"372","'c'q'?n'","0","3","'s+c'aq'?+c'úq'?n''","'sts'aq'wts'uq'w'n'","''","'catechism. (lit. that which is pronounced repeatedly (ref. to catechetic (al) instruction), n.)'","''","''","''","null","null","1","'2020-08-14T20:51:54.803+00:00'","'2020-08-14T20:51:54.803+00:00'"
"373","'c'q'?n'","0","4","'c'uq'?+c'uq'?ún'+m''","'ts'uq'wts'uq'u'n'm'","''","'chattered, read aloud, recited. (lit. H/s pronounced one thing after another)'","'vi.'","''","''","null","null","1","'2020-08-14T20:51:54.808+00:00'","'2020-08-14T20:51:54.808+00:00'"
"374","'c'q'?n'","0","5","'hn+c'oq'?+coq'?ún'+em'n''","'hnts'oq'wtsoq'u'ne'mn''","''","'classroom. (lit. a room for reading)'","'n.'","''","''","null","null","1","'2020-08-14T20:51:54.821+00:00'","'2020-08-14T20:51:54.821+00:00'"
"375","'c'q'?n'","0","6","'i+c'uq'?+c'uq'?ún'+m'?'","'its'uq'wts'uq'u'n'msh'","''","'articulate, reading, reciting, school (going to...). (lit. He is uttering (speech sounds)'","'vi.'","''","''","null","null","1","'2020-08-14T20:51:54.825+00:00'","'2020-08-14T20:51:54.825+00:00'"
"376","'c'q'?n'","0","7","'c'uq'?ún?t?s'","'ts'uq'unts'","'?'","'designate, named (he...), pronounced (he...it).'","'vt.'","''","''","null","null","1","'2020-08-14T20:51:54.836+00:00'","'2020-08-14T20:51:54.836+00:00'"
"377","'c'q'?n'","0","8","'c'uq'?ún??it?s'","'ts'uq'unshits'","''","'bequeath. (lit. He gave or left something to him by will)'","'vt.'","''","''","null","null","1","'2020-08-14T20:51:54.854+00:00'","'2020-08-14T20:51:54.854+00:00'"
"378","'c'q'?n'","0","9","'s+mel'+c'uq?ún+m'","'sme'lts'uqunm'","'§'","'connotation. (lit. mentioning (or inferring) something with what is said)'","'n.'","''","''","null","null","1","'2020-08-14T20:51:54.862+00:00'","'2020-08-14T20:51:54.862+00:00'"
"379","'c'q'?n'","0","10","'s+nuk?+c'uq'?+c'uq?ún'+m''","'snukwts'uq'wts'uqu'n'm'","''","'classmate (lit. fellow reader).'","'n.'","''","''","null","null","1","'2020-08-14T20:51:54.873+00:00'","'2020-08-14T20:51:54.873+00:00'"
"380","'c'r'","1","1","'c'ar'","'ts'ar'","'?'","'cold (to the touch).'","'stem adj.'","''","':'","null","null","1","'2020-08-14T20:51:54.879+00:00'","'2020-08-14T20:51:54.879+00:00'"
"381","'c'r'","1","2","'c'ar+t'","'ts'art'","''","'bleak, cold (It is...).'","'n.'","''","''","null","null","1","'2020-08-14T20:51:54.891+00:00'","'2020-08-14T20:51:54.891+00:00'"
"382","'c'r'","1","3","'hn+c'ár+t'","'hnts'art'","''","'water (cold...).'","'n.'","''","''","null","null","1","'2020-08-14T20:51:54.903+00:00'","'2020-08-14T20:51:54.903+00:00'"
"383","'c'r'","1","4","'pin? c'ar+t'","'pinch ts'art'","'§'","'remains (It...cold or chilly).'","'vi.'","''","''","null","null","1","'2020-08-14T20:51:54.907+00:00'","'2020-08-14T20:51:54.907+00:00'"
"384","'c'r'","2","1","'s+c'ér=us'","'sts'erus'","'?'","'currants.'","'n.'","''","''","null","null","1","'2020-08-14T20:51:54.919+00:00'","'2020-08-14T20:51:54.919+00:00'"
"385","'c'r'","3","1","'c'or'","'ts'or'","'?'","'salt, sour.'","'stem n., adj.'","''","':'","null","null","1","'2020-08-14T20:51:54.923+00:00'","'2020-08-14T20:51:54.923+00:00'"
"386","'c'r'","3","2","'u· c'ór'","'uuts'or'","''","'brackisk, salty, sour (it is...).'","'adj.'","''","':'","null","null","1","'2020-08-14T20:51:54.93+00:00'","'2020-08-14T20:51:54.93+00:00'"
"387","'c'r'","3","3","'c'ór+emn'","'ts'oremn'","''","'salt shaker.'","'n.'","''","''","null","null","1","'2020-08-14T20:51:54.948+00:00'","'2020-08-14T20:51:54.948+00:00'"
"388","'c'r'","3","4","'hn+c'ó?or'","'hnts'o'or'","''","'sour (it became...).'","'vi.'","''","''","null","null","1","'2020-08-14T20:51:54.963+00:00'","'2020-08-14T20:51:54.963+00:00'"
"389","'c'r'","3","5","'a+n+c'ór=k?e?'","'ants'orkwe''","'//'","'salt water.'","'n.'","''","''","null","null","1","'2020-08-14T20:51:54.979+00:00'","'2020-08-14T20:51:54.979+00:00'"
"390","'c'r'","3","6","'hn+c'or=k?e?'","'hnts'orkwe''","''","'brine. (lit. salt water)'","'n.'","''","''","null","null","1","'2020-08-14T20:51:54.992+00:00'","'2020-08-14T20:51:54.992+00:00'"
"391","'c'r'","3","7","'hn+c'or+c[']ór'=k?e?'","'hnts'ortsor'kwe''","''","'soda?pop. (lit. sour water)'","'n.'","''","''","null","null","1","'2020-08-14T20:51:55.008+00:00'","'2020-08-14T20:51:55.008+00:00'"
"392","'c'r'","3","8","'hn+c'+c'ór=us'","'hnts't'sorus'","''","'eyes wincing because of extremely sour sensation (ie. lemon).'","'vt.'","''","''","null","null","1","'2020-08-14T20:51:55.018+00:00'","'2020-08-14T20:51:55.018+00:00'"
"393","'c'r'","3","9","'hn+c'ór=s+m'","'hnts'orsm'","''","'winked (he...).'","'vi.'","''","''","null","null","1","'2020-08-14T20:51:55.022+00:00'","'2020-08-14T20:51:55.022+00:00'"
"394","'c'r'","3","10","'s+n+c'ór=s+m'","'snts'orsm'","'?'","'winking. (hnts'orkwe'nts hn+c'ór=k?e??nt?s salted he...it)'","'vi., vt.'","''","''","''","null","1","'2020-08-14T20:51:55.028+00:00'","'2020-08-14T20:51:55.028+00:00'"
"395","'c'r'","3","11","'hn+c'ór=s+m?nt?s'","'hnts'orsmnts'","''","'winked (he...at him).'","'vi.'","''","''","null","null","1","'2020-08-14T20:51:55.037+00:00'","'2020-08-14T20:51:55.037+00:00'"
"396","'c'r(')'","0","1","'c'a?ar'","'ts'a'ar'","'?'","'ache, hurt, ill. (to be hurt, ache)'","'stem adj.'","''","':'","null","null","1","'2020-08-14T20:51:55.041+00:00'","'2020-08-14T20:51:55.041+00:00'"
"397","'c'r(')'","0","2","'s+c'á?ar'","'sts'a'ar'","''","'ache (to...), pain (to feel...), illness.'","'vi., n.'","''","''","null","null","1","'2020-08-14T20:51:55.053+00:00'","'2020-08-14T20:51:55.053+00:00'"
"398","'c'r(')'","0","3","'s+c'a?ar'","'sts'a'ar'","''","'illness, sickness.'","'n.'","''","''","null","null","1","'2020-08-14T20:51:55.056+00:00'","'2020-08-14T20:51:55.056+00:00'"
"399","'c'r(')'","0","4","'hn+c'ar'+n'","'hnts'a'rn'","''","'ailment, disease, sickness.'","'n.'","''","''","null","null","1","'2020-08-14T20:51:55.063+00:00'","'2020-08-14T20:51:55.063+00:00'"
"400","'c'r(')'","0","5","'?i??c'a?ar'","'chi'ts'a'ar'","''","'ill, sick. (lit. I am sick)'","'adj.'","''","':'","null","null","1","'2020-08-14T20:51:55.068+00:00'","'2020-08-14T20:51:55.068+00:00'"
"401","'c'r(')'","0","6","'i·+c'á?ar=qn'","'iits'a'arqn'","'//'","'crapulous. (lit. He is having an ache as to his head)'","'adj.'","''","':'","null","null","1","'2020-08-14T20:51:55.081+00:00'","'2020-08-14T20:51:55.081+00:00'"
"402","'c'r(')'","0","7","'s+c'a?ar=qn'","'sts'a'arqn'","''","'headache.'","'n.'","''","''","null","null","1","'2020-08-14T20:51:55.09+00:00'","'2020-08-14T20:51:55.09+00:00'"
"403","'c'r(')'","0","8","'s+c'a?ar=qín'","'sts'a'arqin'","''","'headache.'","'n.'","''","''","null","null","1","'2020-08-14T20:51:55.104+00:00'","'2020-08-14T20:51:55.104+00:00'"
"404","'c'r(')'","0","9","'s+c'a?ar=qín=?n''","'sts'a'arqinsh'n'","''","'arthritis. (lit. feeling pain in the knee)'","'n.'","''","''","null","null","1","'2020-08-14T20:51:55.109+00:00'","'2020-08-14T20:51:55.109+00:00'"
"405","'c'r(')'","0","10","'s+t+c'ar'=ilg?es'","'stts'a'rilgwes'","''","'ailing, ill (lit. feeling pain physically at heart).'","'vt., n.'","''","''","null","null","1","'2020-08-14T20:51:55.122+00:00'","'2020-08-14T20:51:55.122+00:00'"
"406","'c'r(')'","0","11","'ul hn+t+c'ar'=ílg?es+n'","'ul hntts'a'rilgwesn'","''","'clinical.'","'adj.'","''","':'","null","null","1","'2020-08-14T20:51:55.127+00:00'","'2020-08-14T20:51:55.127+00:00'"
"407","'c'r(')'","0","12","'hn+t+c'ar'=ílg?es+n'","'hntts'a'rilgwesn'","''","'clinic, hospital. (clinic. (lit. place for the sick)'","'n.'","''","''","null","null","1","'2020-08-14T20:51:55.138+00:00'","'2020-08-14T20:51:55.138+00:00'"
"408","'c'r(')'","0","13","'s+ni?+c'á?+c'ar'=en?'","'sni'ts'a'ts'a'rench'","''","'pains (intestinal...).'","'n.'","''","''","null","null","1","'2020-08-14T20:51:55.143+00:00'","'2020-08-14T20:51:55.143+00:00'"
"409","'c'r(')'","0","14","'s+n+c'ar'=ín?+n''","'snts'a'rinch'n'","''","'backache. (lit. suffering pain in the back)'","'n.'","''","''","null","null","1","'2020-08-14T20:51:55.157+00:00'","'2020-08-14T20:51:55.157+00:00'"
"410","'c'r(')'","0","15","'s+n+c'ar'=íne?'","'snts'a'rine''","''","'earache. (lit. having pain in the ear)'","'n.'","''","''","null","null","1","'2020-08-14T20:51:55.166+00:00'","'2020-08-14T20:51:55.166+00:00'"
"411","'c'r(')'","0","16","'s+t+c'á?ar=g?l'","'stts'a'argul'","''","'bellyache, colic, stomach ache.'","'n.'","''","''","null","null","1","'2020-08-14T20:51:55.18+00:00'","'2020-08-14T20:51:55.18+00:00'"
"412","'c's'","0","1","'c'es'","'ts'es'","'?'","'collect (by picking), salvage.'","'stem vt.'","''","''","null","null","1","'2020-08-14T20:51:55.189+00:00'","'2020-08-14T20:51:55.189+00:00'"
"413","'c's'","0","2","'c'es+p'","'ts'esp'","''","'annihilate, consume, destroy.'","'stem vt.'","''","''","null","null","1","'2020-08-14T20:51:55.211+00:00'","'2020-08-14T20:51:55.211+00:00'"
"414","'c's'","0","3","'c'es+p'","'ts'esp'","''","'gone (It is all...). (lit. It went away piece by piece)'","'adj.'","''","':'","null","null","1","'2020-08-14T20:51:55.216+00:00'","'2020-08-14T20:51:55.216+00:00'"
"415","'c's'","0","4","'c's+c's=qín'+n''","'ts'sts'sqi'n'n'","'//'","'[probably same root] catbird.'","'n.'","''","''","null","null","1","'2020-08-14T20:51:55.22+00:00'","'2020-08-14T20:51:55.22+00:00'"
"416","'c's'","0","5","'hn+c's+p+nún?t?s'","'hnts'spnunts'","'?'","'deplete. (lit. He succeeded in emptying it)'","'vt.'","''","''","null","null","1","'2020-08-14T20:51:55.229+00:00'","'2020-08-14T20:51:55.229+00:00'"
"417","'c's'","0","6","'hn+c's+p+núm?t?m'","'hnts'spnumtm'","''","'empty. (lit. It (ie. bag) was emptied)'","'vi.'","''","''","null","null","1","'2020-08-14T20:51:55.241+00:00'","'2020-08-14T20:51:55.241+00:00'"
"418","'c's'","0","7","'hn+c's+p=úl'mx??st?m'","'hnts'spu'lmkhwstm'","''","'devastate. (lit. The land was deprived of inhabitants)'","'vi.'","''","''","null","null","1","'2020-08-14T20:51:55.251+00:00'","'2020-08-14T20:51:55.251+00:00'"
"419","'c'sl'","0","1","'s+c'sl'=úse?'","'sts's'luse''","'?'","'hail.'","'n.'","''","''","null","null","1","'2020-08-14T20:51:55.256+00:00'","'2020-08-14T20:51:55.256+00:00'"
"420","'c'?t'","0","1","'s+c'i?t'","'sts'isht'","'?'","'brother?in?law.'","'n.'","''","''","null","null","1","'2020-08-14T20:51:55.263+00:00'","'2020-08-14T20:51:55.263+00:00'"
"421","'c'wn'","0","1","'s+c'uwe·ní'","'sts'uweeni'","'?'","'giant. (lit. big?foot)'","'n.'","''","''","null","null","1","'2020-08-14T20:51:55.271+00:00'","'2020-08-14T20:51:55.271+00:00'"
"422","'c'wn'","0","2","'s+c'uwe·ní he t+t'míx?'","'sts'uweeni he tt'mikhw'","'§'","'dinosaur. (lit. It is a giant one who is an animal)'","'n.'","''","''","null","null","1","'2020-08-14T20:51:55.275+00:00'","'2020-08-14T20:51:55.275+00:00'"
"423","'c'w''","0","1","'c'aw''","'ts'a'w'","'?'","'boring, dry, soaked, washed out.'","'stem adj.'","''","':'","null","null","1","'2020-08-14T20:51:55.285+00:00'","'2020-08-14T20:51:55.285+00:00'"
"424","'c'w''","0","2","'c'á?aw''","'ts'a'a'w'","''","'dilute, thin out. (lit. It was washed)'","'v.'","''","''","null","null","1","'2020-08-14T20:51:55.29+00:00'","'2020-08-14T20:51:55.29+00:00'"
"425","'c'w''","0","3","'c'áw'+c'aw'+t'","'ts'a'wts'a'wt'","''","'insipid, stale (It is stale...).'","'adj.'","''","':'","null","null","1","'2020-08-14T20:51:55.301+00:00'","'2020-08-14T20:51:55.301+00:00'"
"426","'c'w''","0","4","'c'áw'+emn'","'ts'a'wemn'","''","'detergent. (lit. a cleansing liquid)'","'n.'","''","''","null","null","1","'2020-08-14T20:51:55.305+00:00'","'2020-08-14T20:51:55.305+00:00'"
"427","'c'w''","0","5","'c'áw'=s+m'","'ts'a'wsm'","'//'","'washed (He...his face).'","'vt.'","''","''","null","null","1","'2020-08-14T20:51:55.312+00:00'","'2020-08-14T20:51:55.312+00:00'"
"428","'c'w''","0","6","'c'áw'+c'aw'=s+m'","'ts'a'wts'a'wsm'","''","'washed (They...their faces).'","'vt., n.'","''","''","null","null","1","'2020-08-14T20:51:55.319+00:00'","'2020-08-14T20:51:55.319+00:00'"
"429","'c'w''","0","7","'c'áw'=s+n'","'ts'a'wsn'","''","'soap. (lit. means of washing face)'","'n.'","''","''","null","null","1","'2020-08-14T20:51:55.323+00:00'","'2020-08-14T20:51:55.323+00:00'"
"430","'c'w''","0","8","'hn+c'á?=us+n'","'hnts'a'usn'","''","'basin, washbowl. (lit. means of washing the face)'","'n.'","''","''","null","null","1","'2020-08-14T20:51:55.33+00:00'","'2020-08-14T20:51:55.33+00:00'"
"431","'c'w''","0","9","'hn+c'áw'+c'aw'=cn'","'hnts'a'wts'a'wtsn'","''","'cliche. (lit. He speaks word that are washed up, insipid)'","'n.'","''","''","null","null","1","'2020-08-14T20:51:55.336+00:00'","'2020-08-14T20:51:55.336+00:00'"
"432","'c'w''","0","10","'i t+c'áw'=qn+m?'","'itts'a'wqnmsh'","''","'He is washing his hair (lit. He is shampooing).'","'vt.'","''","''","null","null","1","'2020-08-14T20:51:55.349+00:00'","'2020-08-14T20:51:55.349+00:00'"
"433","'c'w''","0","11","'a+can+c'áw'+c'aw'=qs+t+m'","'atsants'a'wts'a'wqstm'","''","'bureau, chest (of drawers), dresser.'","'n.'","''","''","null","null","1","'2020-08-14T20:51:55.357+00:00'","'2020-08-14T20:51:55.357+00:00'"
"434","'c'w''","0","12","'s+n+c[']aw'+?+qap=í?c'e?'","'sntsa'w'?qapi?ts'e''","'§'","'dish washing.'","'n.'","''","''","null","null","1","'2020-08-14T20:51:55.363+00:00'","'2020-08-14T20:51:55.363+00:00'"
"435","'c'w'q'","0","1","'c'aw'q'","'ts'a'wq'","'?'","'extract (a solid object), pull out (a solid object), (to extract a solid object as nail out of board).'","'stem vt.'","''","''","null","null","1","'2020-08-14T20:51:55.379+00:00'","'2020-08-14T20:51:55.379+00:00'"
"436","'c'w'q'","0","2","'c'ow'q=ín+n'","'ts'o'wqinn'","'//'","'corkscrew. (lit. spiral shaped device for drawing corks from bottles)'","'n.'","''","''","null","null","1","'2020-08-14T20:51:55.397+00:00'","'2020-08-14T20:51:55.397+00:00'"
"437","'c'w'q'","0","3","'c'áw'q?nt?s'","'ts'a'wqnts'","'?'","'nail (He pulled out the...), pulled (He...out the nail).'","'n., vt.'","''","''","null","null","1","'2020-08-14T20:51:55.408+00:00'","'2020-08-14T20:51:55.408+00:00'"
"438","'c'w'q'","0","4","'hn+c'ow'+c'ow'q=íns?nt?n'","'hnts'o'wts'o'wqinsntn'","''","'teeth (his...were extracted).'","'n.'","''","''","null","null","1","'2020-08-14T20:51:55.413+00:00'","'2020-08-14T20:51:55.413+00:00'"
"439","'c'x?'","1","1","'hn+c'éx?+t'","'hnts'ekhut'","'?'","'channel, creek, stream.'","'n.'","'[xref cx?]'","''","null","null","1","'2020-08-14T20:51:55.421+00:00'","'2020-08-14T20:51:55.421+00:00'"
"440","'c'x?'","2","1","'c'ix?'","'ts'ikhw'","'?'","'to prepare chips by peeling and tying.'","''","''","''","null","null","1","'2020-08-14T20:51:55.427+00:00'","'2020-08-14T20:51:55.427+00:00'"
"441","'c'x?'","1","1","'c'ax?'","'ts'aqh'","'?'","'fry.'","'stem vt.'","''","''","null","null","1","'2020-08-14T20:51:55.441+00:00'","'2020-08-14T20:51:55.441+00:00'"
"442","'c'x?'","1","2","'s+c'ax?'","'sts'aqh'","''","'meat (fried...), steak.'","'n.'","''","''","null","null","1","'2020-08-14T20:51:55.453+00:00'","'2020-08-14T20:51:55.453+00:00'"
"443","'c'x?'","1","3","'c'áx??n'","'ts'aqhn'","'?'","'fried (I...the meat).'","'vt., n.'","''","''","null","null","1","'2020-08-14T20:51:55.457+00:00'","'2020-08-14T20:51:55.457+00:00'"
"444","'c'x?'","2","1","'s+c'+c'x?=í?st'","'sts'ts'qhi'st'","''","'gravel.'","'n.'","''","''","null","null","1","'2020-08-14T20:51:55.464+00:00'","'2020-08-14T20:51:55.464+00:00'"
"445","'c'x??'","1","1","'c'ax??'","'ts'aqhw'","'?'","'acquiesce, choose, guilty, voluntarily (to do...). (responsible)'","'stem vi., vt., adj., adv.'","''","''","null","null","1","'2020-08-14T20:51:55.473+00:00'","'2020-08-14T20:51:55.473+00:00'"
"446","'c'x??'","1","2","'c'áx??+m'","'ts'aqhum'","''","'betroth, devoted. (lit. He promised solemnly, H/s vowed, h/s promised marriage)'","'vt., vi.'","''","''","null","null","1","'2020-08-14T20:51:55.48+00:00'","'2020-08-14T20:51:55.48+00:00'"
"447","'c'x??'","1","3","'s+c'ax??+m'","'sts'aqhum'","''","'betrothal, bond, commitment, obligation, promising.'","'n.'","''","''","null","null","1","'2020-08-14T20:51:55.486+00:00'","'2020-08-14T20:51:55.486+00:00'"
"448","'c'x??'","1","4","'c'áx??+c'ux??+n'","'ts'aqhwts'uqhwn'","''","'admonish, advise, counsel. (lit. Give good counsel)'","'vt.'","''","''","null","null","1","'2020-08-14T20:51:55.49+00:00'","'2020-08-14T20:51:55.49+00:00'"
"449","'c'x??'","1","5","'s+c'á·x??+c'ux??+n'","'sts'aaqhwts'uqhwn'","''","'counsel. (lit. giving advice or guidance)'","'n.'","''","''","null","null","1","'2020-08-14T20:51:55.496+00:00'","'2020-08-14T20:51:55.496+00:00'"
"450","'c'x??'","1","6","'s+c'áx??+c'ux??+m'","'sts'aqhwts'uqhum'","''","'advice.'","'n.'","''","''","null","null","1","'2020-08-14T20:51:55.503+00:00'","'2020-08-14T20:51:55.503+00:00'"
"451","'c'x??'","1","7","'sya·+c'áx??+m'","'syaats'aqhum'","''","'devotee (lit. One who has vowed to do a specific duty).'","'n.'","''","''","null","null","1","'2020-08-14T20:51:55.507+00:00'","'2020-08-14T20:51:55.507+00:00'"
"452","'c'x??'","1","8","'sya·+c'áx??+c'ux??+n'","'syaats'aqhwts'uqhwn'","''","'counselor. (lit. One who gives advice)'","'n.'","''","''","null","null","1","'2020-08-14T20:51:55.515+00:00'","'2020-08-14T20:51:55.515+00:00'"
"453","'c'x??'","1","9","'i?y+t+c'áx??'","'iytts'aqhw'","''","'You did it willingly, on purpose.'","'v.'","''","''","null","null","1","'2020-08-14T20:51:55.53+00:00'","'2020-08-14T20:51:55.53+00:00'"
"454","'c'x??'","1","10","'hiy+t+c'áx??'","'hiytts'aqhw'","''","'deliberate. (lit. It was done deliber­ately)'","'vt.'","''","''","null","null","1","'2020-08-14T20:51:55.547+00:00'","'2020-08-14T20:51:55.547+00:00'"
"455","'c'x??'","1","11","'hn+c'ux??=íl+m'","'hnts'uqhwilm'","'//'","'devaluation. (lit. teaching (promising) that is handed down to offspring forebearers)'","'n.'","''","''","null","null","1","'2020-08-14T20:51:55.553+00:00'","'2020-08-14T20:51:55.553+00:00'"
"456","'c'x??'","1","12","'t+c'ux??=ípele?'","'tts'uqhwipele''","''","'decide, judged (He...).'","'v.'","''","''","null","null","1","'2020-08-14T20:51:55.557+00:00'","'2020-08-14T20:51:55.557+00:00'"
"457","'c'x??'","1","13","'s+t+c'ux??=ípele?'","'stt'suqhwipele''","''","'arbitrament.'","'n.'","''","''","null","null","1","'2020-08-14T20:51:55.566+00:00'","'2020-08-14T20:51:55.566+00:00'"
"458","'c'x??'","1","14","'s+t+c'ux??=ipele?'","'stts'uqhwipele''","''","'judgement.'","'n.'","''","''","null","null","1","'2020-08-14T20:51:55.572+00:00'","'2020-08-14T20:51:55.572+00:00'"
"459","'c'x??'","1","15","'s+t+c'ox??=ipele?'","'stts'oqhwipele''","''","'decision.'","'n.'","''","''","null","null","1","'2020-08-14T20:51:55.577+00:00'","'2020-08-14T20:51:55.577+00:00'"
"460","'c'x??'","1","16","'hn+t+c'ux??=ípele?+n'","'hntts'uqhwipele'n'","''","'bar, bench, canon, chancery, judgement, law (the...), law.'","'n.'","''","''","null","null","1","'2020-08-14T20:51:55.59+00:00'","'2020-08-14T20:51:55.59+00:00'"
"461","'c'x??'","1","17","'hn+t+c'ux??=íple?+n'","'hntts'uqhwiple'n'","''","'edict, equity, law. (lit. promise made by one for others, public announcement having the force of a law, means of judging)'","'n.'","''","''","null","null","1","'2020-08-14T20:51:55.599+00:00'","'2020-08-14T20:51:55.599+00:00'"
"462","'c'x??'","1","18","'sya+t+c'ux??=iple?'","'syatts'uqhwiple''","''","'arbiter.'","'n.'","''","''","null","null","1","'2020-08-14T20:51:55.609+00:00'","'2020-08-14T20:51:55.609+00:00'"
"463","'c'x??'","1","19","'sya+t+c'ux??=ipele?'","'syatts'uqhwipele''","''","'judge.'","'n.'","''","''","null","null","1","'2020-08-14T20:51:55.623+00:00'","'2020-08-14T20:51:55.623+00:00'"
"464","'c'x??'","1","20","'siya+t+c'ux??=ípele?'","'siyatts'uqhwipele''","''","'judge, chancellor.'","'n.'","''","''","null","null","1","'2020-08-14T20:51:55.628+00:00'","'2020-08-14T20:51:55.628+00:00'"
"465","'c'x??'","1","21","'s+c'ux???n't-w'í?'","'sts'uqhw'nt'wish'","'?'","'compromise. (lit. promising mutually)'","'vi.'","''","''","null","null","1","'2020-08-14T20:51:55.641+00:00'","'2020-08-14T20:51:55.641+00:00'"
"466","'c'x??'","1","22","'ul s+?int hen+t+c'ux??=ípele??is'","'ul schint hentts'uqhwipele'is'","'§'","'democracy. (lit. government of the people)'","'n.'","''","''","null","null","1","'2020-08-14T20:51:55.647+00:00'","'2020-08-14T20:51:55.647+00:00'"
"467","'c'x??'","1","23","'miy+miya?+sya+t+c'ux??=ipele?'","'miymiya?syatts'uqhwipele''","''","'judge (competent and critical), connoisseur.'","'n.'","''","''","null","null","1","'2020-08-14T20:51:55.656+00:00'","'2020-08-14T20:51:55.656+00:00'"
"468","'c'x??'","1","24","'s+me??+l+s+c'áx??+m'","'sme(wlsts'aqhum'","''","'promise (a...broken), promise (breach of...).'","'n.'","''","''","null","null","1","'2020-08-14T20:51:55.666+00:00'","'2020-08-14T20:51:55.666+00:00'"
"469","'c'x??'","1","25","'hi+s+nuk?+me??+?+nt+c'ux??=íple?+n'","'hisnukwme(w?ntts'uqhwiple'n'","''","'complicity. (lit. He is my partner in violating the law)'","'n.'","''","''","null","null","1","'2020-08-14T20:51:55.67+00:00'","'2020-08-14T20:51:55.67+00:00'"
"470","'c'x??'","1","26","'elu+?+n+t+c'ux??=ípele?+n'","'elu?ntts'uqhwipele'n'","''","'anarchic, lawless. (lit. H/s/i has no law)'","'adj.'","''","':'","null","null","1","'2020-08-14T20:51:55.675+00:00'","'2020-08-14T20:51:55.675+00:00'"
"471","'c'x??'","2","1","'c'ex??'","'ts'eqhw'","'?'","'spark.'","'stem n.'","''","''","null","null","1","'2020-08-14T20:51:55.684+00:00'","'2020-08-14T20:51:55.684+00:00'"
"472","'c'x??'","2","2","'c'éx??+c'ex??+t'","'ts'eqhwts'eqhwt'","''","'ember, coal, spark spark.'","'n.'","''","''","null","null","1","'2020-08-14T20:51:55.688+00:00'","'2020-08-14T20:51:55.688+00:00'"
"473","'c'x??'","2","3","'s+t+c'ex??+ncut'","'stts'eqhwntsut'","''","'asteroid, stars, self?illuminating body.'","'n.'","''","''","null","null","1","'2020-08-14T20:51:55.695+00:00'","'2020-08-14T20:51:55.695+00:00'"
"474","'c'x??'","2","4","'ul [u+x??el'+e] s+c'éx??+ncut'","'ul sts'eqhwntsut or uqhwe'le'","'§'","'astral. (lit. It is like a star)'","'adj.'","''","':'","null","null","1","'2020-08-14T20:51:55.7+00:00'","'2020-08-14T20:51:55.7+00:00'"
"475","'c'x??'","2","5","'sye+?+súx?=ene? tel' s+t+c'éx??+ncut'","'syechsukhwene' te'l stts'eqhwntsut'","''","'astrologer, one who understands the stars.'","'n.'","''","''","null","null","1","'2020-08-14T20:51:55.71+00:00'","'2020-08-14T20:51:55.71+00:00'"
"476","'c'x??'","2","6","'?+súx?=me?+n ha s+t+c'ex?+ncut'","'chsukhwme'n ha stts'ekhwntsut'","''","'astrology. (lit. self illuminating body that is a guide)'","'n.'","'[also recorded as c'x?]'","''","null","null","1","'2020-08-14T20:51:55.719+00:00'","'2020-08-14T20:51:55.719+00:00'"
"477","'c'x??'","2","7","'s+t+miy+iy=ipele?+s x?e s+t+c[']éx??+ncut'","'stmiyiyipele's khwe sttseqhwntsut'","''","'astronomy.'","'n.'","''","''","null","null","1","'2020-08-14T20:51:55.726+00:00'","'2020-08-14T20:51:55.726+00:00'"
"478","'c'yx??'","0","1","'hn+c'oy'+cóy'x??+m'","'Hnts'o'ytso'yqhwm'","'?'","'Spangle, Washington. (lit. town in Washington'","'n.'","''","''","null","null","1","'2020-08-14T20:51:55.735+00:00'","'2020-08-14T20:51:55.735+00:00'"
"479","'c'?n'","0","1","'c'a?'+c'in'=?n''","'ts'a')ts'i'nsh'n'","'//'","'character (name of...in a parable).'","'n.'","''","''","null","null","1","'2020-08-14T20:51:55.739+00:00'","'2020-08-14T20:51:55.739+00:00'"
"480","'c'?'","1","1","'c'u?u+m'","'ts'u'um'","'?'","'cry, weep.'","'stem vi.'","''","''","null","null","1","'2020-08-14T20:51:55.744+00:00'","'2020-08-14T20:51:55.744+00:00'"
"481","'c'?'","1","2","'c'ú?u+m'","'ts'u'um'","''","'wept (h/s...).'","'vi.'","''","''","null","null","1","'2020-08-14T20:51:55.755+00:00'","'2020-08-14T20:51:55.755+00:00'"
"482","'c'?'","1","3","'e· c'ú?u+m'","'eets'u'um'","''","'weep, cry. (lit. H/s weeps)'","'vi.'","''","''","null","null","1","'2020-08-14T20:51:55.76+00:00'","'2020-08-14T20:51:55.76+00:00'"
"483","'c'?'","1","4","'c'ú?+c'u?+m+ul'","'ts'u'ts'u'mul'","''","'cry!, weep!.'","'v.'","''","''","null","null","1","'2020-08-14T20:51:55.771+00:00'","'2020-08-14T20:51:55.771+00:00'"
"484","'c'?'","1","5","'e?+s+c'u?+m+ís'","'echsts'u'mis...'","''","'weep.'","'vi.'","''","''","null","null","1","'2020-08-14T20:51:55.777+00:00'","'2020-08-14T20:51:55.777+00:00'"
"485","'c'?'","1","6","'s+c'ú?u+m?'","'sts'u'umsh'","''","'mourning.'","'vi.'","''","''","null","null","1","'2020-08-14T20:51:55.787+00:00'","'2020-08-14T20:51:55.787+00:00'"
"486","'c'?'","1","7","'?n'?c'ú?u+m'","'ch'nts'u'um'","''","'weep, wept. (lit. I, customarily, weep/I wept)'","'vt.'","''","''","null","null","1","'2020-08-14T20:51:55.791+00:00'","'2020-08-14T20:51:55.791+00:00'"
"487","'c'?'","1","8","'?i?c? [c']ú?u+m?'","'chi'tssu'umsh'","''","'weeping (I am...).'","'vi.'","''","''","null","null","1","'2020-08-14T20:51:55.809+00:00'","'2020-08-14T20:51:55.809+00:00'"
"488","'c'?'","1","9","'?e?+?i+s+c'ú?u+m?'","'che?chists'u'umsh'","''","'weep. (lit. I will weep)'","'vi.'","''","''","null","null","1","'2020-08-14T20:51:55.821+00:00'","'2020-08-14T20:51:55.821+00:00'"
"489","'c'?'","1","10","'k'?ne? ?n?c'ú?u+m'","'k'wne'chnts'u'um'","''","'weep (I am going to...).'","'vi.'","''","''","null","null","1","'2020-08-14T20:51:55.829+00:00'","'2020-08-14T20:51:55.829+00:00'"
"490","'c'?'","1","11","'k???c'ú?u+m'","'ku'ts'u'um'","''","'weep (you (sg.)...).'","'vi.'","''","''","null","null","1","'2020-08-14T20:51:55.837+00:00'","'2020-08-14T20:51:55.837+00:00'"
"491","'c'?'","1","12","'k?u?c'ú?u+m'","'kuuts'u'um'","''","'You (sg) wept, weep.'","'vi.'","''","''","null","null","1","'2020-08-14T20:51:55.84+00:00'","'2020-08-14T20:51:55.84+00:00'"
"864","'?y'","0","2","'u· ?áy'","'uuchay'","''","'firm (It is very...).'","'adj.'","''","':'","null","null","1","'2020-08-14T20:51:58.876+00:00'","'2020-08-14T20:51:58.876+00:00'"
"492","'c'?'","1","13","'k'?ne? k?u·?c'ú?u+m'","'kwne'kuuts'u'um'","''","'You (sg.) are going to weep.'","'vi.'","''","''","null","null","1","'2020-08-14T20:51:55.856+00:00'","'2020-08-14T20:51:55.856+00:00'"
"493","'c'?'","1","14","'k?u?y'?c'ú?u+m?'","'ku'yts'u'umsh'","''","'You (sg) are weeping.'","'vi.'","''","''","null","null","1","'2020-08-14T20:51:55.863+00:00'","'2020-08-14T20:51:55.863+00:00'"
"494","'c'?'","1","15","'?e??k?u?s+c'u?u+m?'","'che?kusts'u'umsh'","''","'(lit. you (sg.) will weep).'","'vt.'","''","''","null","null","1","'2020-08-14T20:51:55.87+00:00'","'2020-08-14T20:51:55.87+00:00'"
"495","'c'?'","1","16","'e· c'ú?+c'u?+m?l?'","'eets'u'ts'u'mlsh'","''","'weep, cry (lit. H/s weeps (pl.))'","'v.'","''","''","null","null","1","'2020-08-14T20:51:55.875+00:00'","'2020-08-14T20:51:55.875+00:00'"
"496","'c'?'","1","17","'i·+c'ú?u+m?'","'iits'u'umsh'","''","'H/s is weeping, crying, sobbing.'","'vi.'","''","''","null","null","1","'2020-08-14T20:51:55.886+00:00'","'2020-08-14T20:51:55.886+00:00'"
"497","'c'?'","1","18","'?es+cu?+u?+m?'","'chestsu'u'msh'","''","'he/she will weep.'","'vi.'","''","''","null","null","1","'2020-08-14T20:51:55.89+00:00'","'2020-08-14T20:51:55.89+00:00'"
"498","'c'?'","1","19","'k'?ne? c'ú?u+m'","'k'wne'ts'u'um'","''","'H/s is going to weep.'","'vi.'","''","''","null","null","1","'2020-08-14T20:51:55.906+00:00'","'2020-08-14T20:51:55.906+00:00'"
"499","'c'?'","1","20","'??c'ú?+c'u?u+m'","'chts'u'ts'u'um'","''","'wept (we...).'","'vi.'","''","''","null","null","1","'2020-08-14T20:51:55.916+00:00'","'2020-08-14T20:51:55.916+00:00'"
"500","'c'?'","1","21","'?'e·+c'ú?+cu?u+m'","'ch'eets'u'tsu'um'","''","'weep (we...).'","'vi.'","''","''","null","null","1","'2020-08-14T20:51:55.923+00:00'","'2020-08-14T20:51:55.923+00:00'"
"501","'c'?'","1","22","'???i·+c'ú?+c'u?u+m?'","'ch'iits'u'ts'u'umsh'","''","'lit. we are weeping.'","'vt.'","''","''","null","null","1","'2020-08-14T20:51:55.933+00:00'","'2020-08-14T20:51:55.933+00:00'"
"502","'c'?'","1","23","'?e????s+c'ú+c'u?u+m?'","'che?chsts'u'ts'u'umsh'","''","'weep (lit. we will weep).'","'vi.'","''","''","null","null","1","'2020-08-14T20:51:55.937+00:00'","'2020-08-14T20:51:55.937+00:00'"
"503","'c'?'","1","24","'k'?ne? ??c'ú?+c'u?u+m'","'k'wne'chts'u'ts'u'um'","''","'We are going to weep.'","'vi.'","''","''","null","null","1","'2020-08-14T20:51:55.941+00:00'","'2020-08-14T20:51:55.941+00:00'"
"504","'c'?'","1","25","'k?up?c'ú?+c'u?u+m'","'kupts'u'ts'u'um'","''","'You (pl.) wept.'","'vi.'","''","''","null","null","1","'2020-08-14T20:51:55.947+00:00'","'2020-08-14T20:51:55.947+00:00'"
"505","'c'?'","1","26","'k?up??e·?c'ú+c'u?u+m'","'kup'eets'u'ts'u'um'","''","'You (pl) weep.'","'vt.'","''","''","null","null","1","'2020-08-14T20:51:55.959+00:00'","'2020-08-14T20:51:55.959+00:00'"
"506","'c'?'","1","27","'k?up??i·?c'ú+c'u?u+m?'","'kup'iits'u'tsu'umsh'","''","'You (pl) are weeping.'","'vi.'","''","''","null","null","1","'2020-08-14T20:51:55.966+00:00'","'2020-08-14T20:51:55.966+00:00'"
"507","'c'?'","1","28","'k'? ne? k?up?c'ú+c'u?u+m'","'k'wne'kupt'su'tsu'um'","''","'You (pl.) are going to weep.'","'vi.'","''","''","null","null","1","'2020-08-14T20:51:55.973+00:00'","'2020-08-14T20:51:55.973+00:00'"
"508","'c'?'","1","29","'?e??k?up?s+c'u?+c'u?u+m?'","'che?kupsts'u'ts'u'umsh'","''","'(lit. you (pl) will weep).'","'vi.'","''","''","null","null","1","'2020-08-14T20:51:55.984+00:00'","'2020-08-14T20:51:55.984+00:00'"
"509","'c'?'","1","30","'c'ú?+c'u?+m?l?'","'ts'u'ts'u'mlsh'","''","'wept (they...).'","'vi.'","''","''","null","null","1","'2020-08-14T20:51:55.995+00:00'","'2020-08-14T20:51:55.995+00:00'"
"510","'c'?'","1","31","'i· c'ú+c'u?+m?l?'","'iits'u'tsu'mlsh'","''","'They are weeping, sobbing, crying.'","'vi.'","''","''","null","null","1","'2020-08-14T20:51:56.006+00:00'","'2020-08-14T20:51:56.006+00:00'"
"511","'c'?'","1","32","'?es+c'u?+cu?u+m?'","'chests'u'tsu'um'","''","'weep. (lit. they will weep)'","'vi.'","''","''","null","null","1","'2020-08-14T20:51:56.019+00:00'","'2020-08-14T20:51:56.019+00:00'"
"512","'c'?'","1","33","'k'?ne? c'ú+c'u?u+m'","'k'wne'ts'u'tsu'um'","''","'They are going to weep.'","'vi.'","''","''","null","null","1","'2020-08-14T20:51:56.024+00:00'","'2020-08-14T20:51:56.024+00:00'"
"513","'c'?'","1","34","'?s+c'u?+mí?nt?s'","'chst'su'mints'","'?'","'bewail. (lit. He expressed sorrow or regret over it)'","'vt.'","''","''","null","null","1","'2020-08-14T20:51:56.032+00:00'","'2020-08-14T20:51:56.032+00:00'"
"514","'c'?'","1","35","'e ?s+c'u?+mí?st?m?n'","'echsts'u'mistmn'","''","'I (cust.) weep for you (sg.).'","'vi.'","''","''","null","null","1","'2020-08-14T20:51:56.042+00:00'","'2020-08-14T20:51:56.042+00:00'"
"515","'c'?'","1","36","'k?u?i???s+c'u?u+m+mín+m'","'kwi'chsts'u'minm'","''","'I am weeping for you (sg.).'","'vi.'","''","''","null","null","1","'2020-08-14T20:51:56.052+00:00'","'2020-08-14T20:51:56.052+00:00'"
"516","'c'?'","1","37","'e ?s+c'u?+mí?s?n'","'echsts'u'misn'","''","'I weep for h/h.'","'vi.'","''","''","null","null","1","'2020-08-14T20:51:56.057+00:00'","'2020-08-14T20:51:56.057+00:00'"
"517","'c'?'","1","38","'hi?+?s+c'u?+mí?n?m'","'hi'chsts'u'minm'","''","'weeping (I am...for h/h).'","'vi.'","''","''","null","null","1","'2020-08-14T20:51:56.066+00:00'","'2020-08-14T20:51:56.066+00:00'"
"518","'c'?'","1","39","'k?up?hi???s+c'u?+mín+m'","'kuphi'chstsu'minm'","''","'I am weeping for you (pl).'","'vi.'","''","''","null","null","1","'2020-08-14T20:51:56.072+00:00'","'2020-08-14T20:51:56.072+00:00'"
"519","'c'?'","1","40","'e ?s+c'u?+mí?s?n?l?'","'echsts'u'misnlsh'","''","'I weep for them.'","'vi.'","''","''","null","null","1","'2020-08-14T20:51:56.076+00:00'","'2020-08-14T20:51:56.076+00:00'"
"520","'c'?'","1","41","'hi?+?s+c'u?+mí?n?m?l?'","'hi'chsts'u'minmlsh'","''","'weeping (I am...for them).'","'vi.'","''","''","null","null","1","'2020-08-14T20:51:56.087+00:00'","'2020-08-14T20:51:56.087+00:00'"
"521","'c'?'","1","42","'e ?s+c'u?+mí?st?ulm?n'","'echsts'u'mistulmn'","''","'I weep for you (pl.).'","'v.'","''","''","null","null","1","'2020-08-14T20:51:56.092+00:00'","'2020-08-14T20:51:56.092+00:00'"
"522","'c'?'","1","43","'k?p?hi?+?s+c[']u?+mí?n?m'","'kuphi'chstsu'minm'","''","'weeping (I am...for you (pl(.'","'vi.'","''","''","null","null","1","'2020-08-14T20:51:56.1+00:00'","'2020-08-14T20:51:56.1+00:00'"
"523","'c'?'","1","44","'e ?s+c'u?+mí?st?me?x?'","'echsts'u'mistmekhw'","''","'You (sg.) weep for me.'","'vi.'","''","''","null","null","1","'2020-08-14T20:51:56.104+00:00'","'2020-08-14T20:51:56.104+00:00'"
"524","'c'?'","1","45","'?+ni??+s+c'u?+mí?n?mp'","'chni'chsts'u'minmp'","''","'weeping. (lit. you(s) are weeping for me)'","'vt.'","''","''","null","null","1","'2020-08-14T20:51:56.109+00:00'","'2020-08-14T20:51:56.109+00:00'"
"525","'c'?'","1","46","'e ?s+c'u?+mí?st?x?'","'echsts'u'mistkhw'","''","'You (sg.) weep for h/h.'","'vi.'","''","''","null","null","1","'2020-08-14T20:51:56.114+00:00'","'2020-08-14T20:51:56.114+00:00'"
"526","'c'?'","1","47","'i??s+c'u?+mín+m'","'ichsts'u'minm'","''","'Prob You (sg.) are weeping for h/h. sobbing, crying.'","'vi.'","''","''","null","null","1","'2020-08-14T20:51:56.122+00:00'","'2020-08-14T20:51:56.122+00:00'"
"527","'c'?'","1","48","'e ?s+c'u?+mí?st?me?s'","'echsts'u'mistmes'","''","'H/s weeps for me.'","'vi.'","''","''","null","null","1","'2020-08-14T20:51:56.128+00:00'","'2020-08-14T20:51:56.128+00:00'"
"528","'c'?'","1","49","'??y'c+?s+cu?+mín+m?s'","'chi'chstsu'minms'","''","'lit. h/s is weeping for me.'","'vt.'","''","''","null","null","1","'2020-08-14T20:51:56.138+00:00'","'2020-08-14T20:51:56.138+00:00'"
"529","'c'?'","1","50","'e ?s+c'u?+mí?st?mi?s'","'echsts'u'mistmis'","''","'H/s weeps for you.'","'vi.'","''","''","null","null","1","'2020-08-14T20:51:56.142+00:00'","'2020-08-14T20:51:56.142+00:00'"
"530","'c'?'","1","51","'k?u?y'??s+c'u?u+m+mín+m?s'","'ku'ychsts'u'minms'","''","'H/S is weeping for you (sg).'","'vi.'","''","''","null","null","1","'2020-08-14T20:51:56.153+00:00'","'2020-08-14T20:51:56.153+00:00'"
"531","'c'?'","1","52","'e ?s+c'u?+mí?st?me?lp'","'echsts'u'mistmelp'","''","'You (pl.) weep for me.'","'vi.'","''","''","null","null","1","'2020-08-14T20:51:56.158+00:00'","'2020-08-14T20:51:56.158+00:00'"
"532","'c'?'","1","53","'?n??i+?+?s+c'u?+mín?mp'","'chn'i'chsts'u'minmp'","''","'you (pl.) are weeping for me.'","'vt.'","''","''","null","null","1","'2020-08-14T20:51:56.168+00:00'","'2020-08-14T20:51:56.168+00:00'"
"533","'c'?'","1","54","'e ?s+c'u?+mí?st?x??l?'","'echsts'u'mistkhwlsh'","''","'You (pl.) weep for them.'","'vi.'","''","''","null","null","1","'2020-08-14T20:51:56.172+00:00'","'2020-08-14T20:51:56.172+00:00'"
"534","'c'?'","1","55","'i??s+c'u?+mín+m?l?'","'ichsts'u'minmlsh'","''","'Prob You (pl.) are weeping for them. sobbing, crying.'","'vi.'","''","''","null","null","1","'2020-08-14T20:51:56.176+00:00'","'2020-08-14T20:51:56.176+00:00'"
"535","'c'?'","1","56","'e ?s+c'u?+mí?st?me?s?l?'","'echsts'u'mistmeslsh'","''","'They weep for me.'","'vi.'","''","''","null","null","1","'2020-08-14T20:51:56.188+00:00'","'2020-08-14T20:51:56.188+00:00'"
"536","'c'?'","1","57","'??y'c+?s+cu?+mín+m?s?l?'","'chi'chstsu'minmslsh'","''","'lit. they are weeping for me.'","'vt.'","''","''","null","null","1","'2020-08-14T20:51:56.192+00:00'","'2020-08-14T20:51:56.192+00:00'"
"537","'c'?'","1","58","'e ?s+c'u?+mí?st?mi?s?l?'","'echsts'u'mistmislsh'","''","'They weep for you (pl.).'","'vi.'","''","''","null","null","1","'2020-08-14T20:51:56.209+00:00'","'2020-08-14T20:51:56.209+00:00'"
"538","'c'?'","1","59","'k?up??i??s+c'u?+m+ínm?s?l?'","'kup'ichsts'u'minmslsh'","''","'They are weeping for you (pl.).'","'vi.'","''","''","null","null","1","'2020-08-14T20:51:56.22+00:00'","'2020-08-14T20:51:56.22+00:00'"
"539","'c'?'","2","1","'c'i?'","'ts'i''","'?'","'deer, venison.'","'n.'","''","''","null","null","1","'2020-08-14T20:51:56.23+00:00'","'2020-08-14T20:51:56.23+00:00'"
"540","'c'?'","2","2","'ye·+c'í?'","'yeets'i''","''","'deer (He killed the...), killed (He...the deer).'","'n., vt.'","''","''","null","null","1","'2020-08-14T20:51:56.244+00:00'","'2020-08-14T20:51:56.244+00:00'"
"541","'c'?'","2","3","'c'í?y=elx?'","'ts'i'yelkhw'","'//'","'buckskin, deer hide.'","'n.'","''","''","null","null","1","'2020-08-14T20:51:56.252+00:00'","'2020-08-14T20:51:56.252+00:00'"
"542","'c'?'","2","4","'ul s+yux?m=ús+m=ul'mx? he c'i?'","'ul syukhmusmu'lmkhw he ts'i''","'§'","'caribou. (lit. deer of a cold country)'","'n.'","''","''","null","null","1","'2020-08-14T20:51:56.263+00:00'","'2020-08-14T20:51:56.263+00:00'"
"597","'?dl'","0","40","'??y'c+?dél+m?s'","'chi'chdelms'","''","'h/s is defending me.'","'vt.'","''","''","null","null","1","'2020-08-14T20:51:56.724+00:00'","'2020-08-14T20:51:56.724+00:00'"
"543","'c'?'","2","5","'?n?x?uy hi? ?n?g?i? e c'i?'","'chnkhuy hi? chngwich e ts'i''","''","'lit. I went over there and I saw a deer.'","'vt.'","''","''","null","null","1","'2020-08-14T20:51:56.276+00:00'","'2020-08-14T20:51:56.276+00:00'"
"544","'c'?'","3","1","'s+c'í?+c'e?=e?t'","'sts'i'ts'e'echt'","'//'","'hands.'","'n.'","''","''","null","null","1","'2020-08-14T20:51:56.287+00:00'","'2020-08-14T20:51:56.287+00:00'"
"545","'c'?'","4","1","'s+c'ú?=?n'","'sts'u'shn'","'//'","'foot, hoof.'","'n.'","''","''","null","null","1","'2020-08-14T20:51:56.291+00:00'","'2020-08-14T20:51:56.291+00:00'"
"546","'c'?'","4","2","'s+c'ú?+c'u?=?n'","'sts'u'ts'u'shn'","''","'feet.'","'n.'","''","''","null","null","1","'2020-08-14T20:51:56.301+00:00'","'2020-08-14T20:51:56.301+00:00'"
"547","'?c'","1","1","'?ec?nt?m'","'chetsntm'","'?'","'electrocute. (lit. he was struck by lightning)'","'vt.'","'[?]'","''","null","null","1","'2020-08-14T20:51:56.307+00:00'","'2020-08-14T20:51:56.307+00:00'"
"548","'?c'","2","1","'?ic'","'chits'","'?'","'arrive, discover.'","'stem vi., vt.'","''","''","null","null","1","'2020-08-14T20:51:56.32+00:00'","'2020-08-14T20:51:56.32+00:00'"
"549","'?c'","2","2","'s+?ic'","'schits'","''","'discovery.'","'n.'","''","''","null","null","1","'2020-08-14T20:51:56.326+00:00'","'2020-08-14T20:51:56.326+00:00'"
"550","'?c'","2","3","'s+?íc+c'","'schitsts'","''","'company, visitors.'","'n.'","''","''","null","null","1","'2020-08-14T20:51:56.336+00:00'","'2020-08-14T20:51:56.336+00:00'"
"551","'?c'","2","4","'hi+s+?íc'","'hischits'","''","'discovery (it is my...).'","'n.'","''","''","null","null","1","'2020-08-14T20:51:56.346+00:00'","'2020-08-14T20:51:56.346+00:00'"
"552","'?c'","2","5","'sye·+?íc'","'syeechits'","''","'detective. (lit. One who discovers things)'","'n.'","''","''","null","null","1","'2020-08-14T20:51:56.354+00:00'","'2020-08-14T20:51:56.354+00:00'"
"553","'?c'","2","6","'s+?ícu?u=m?'","'Schitsu'umsh'","'//'","'Tribe (the discovered/Coeur d'Alene...), Coeur d'Alene. (tribe. (lit. discovered people))'","'n.'","''","''","null","null","1","'2020-08-14T20:51:56.362+00:00'","'2020-08-14T20:51:56.362+00:00'"
"554","'?c'","2","7","'s+n+?ícu?u=m?=cn.'","'snchitsu'umshtsn'","''","'Coeur d'Alene. (to speak...)'","''","''","''","null","null","1","'2020-08-14T20:51:56.372+00:00'","'2020-08-14T20:51:56.372+00:00'"
"555","'?c'","2","8","'?íc?n'","'chitsn'","'?'","'discovered (I...it), discern.'","'vt.'","''","''","null","null","1","'2020-08-14T20:51:56.377+00:00'","'2020-08-14T20:51:56.377+00:00'"
"556","'?c'","2","9","'?íc?nt?s'","'chitsnts'","''","'chance on, detect. (lit. He found it or met it acci­dently)'","'vt.'","''","''","null","null","1","'2020-08-14T20:51:56.387+00:00'","'2020-08-14T20:51:56.387+00:00'"
"557","'?c'","2","10","'?íc?nt?eli?t'","'chitsntelit'","''","'visited (we are...). (lit. we have an unusual visitor)'","'vt.'","''","''","null","null","1","'2020-08-14T20:51:56.391+00:00'","'2020-08-14T20:51:56.391+00:00'"
"558","'?dl'","0","1","'?del+n'","'chdeln'","'?'","'guard, protect, shield.'","'vt.'","''","''","null","null","1","'2020-08-14T20:51:56.4+00:00'","'2020-08-14T20:51:56.4+00:00'"
"559","'?dl'","0","2","'?dél+ncut'","'chdelntsut'","''","'assert ones rights, (lit. he defended himself)'","'vt.'","''","''","null","null","1","'2020-08-14T20:51:56.406+00:00'","'2020-08-14T20:51:56.406+00:00'"
"560","'?dl'","0","3","'s+?del=?c'e?'","'schdel?ts'e''","'//'","'apologetic. (lit. defending another person)'","'adj.'","''","':'","null","null","1","'2020-08-14T20:51:56.416+00:00'","'2020-08-14T20:51:56.416+00:00'"
"561","'?dl'","0","4","'s+?dl=ílt'","'schdlilt'","''","'offspring (defending one's...), defending (...one's offspring).'","'n., vt.'","''","''","null","null","1","'2020-08-14T20:51:56.43+00:00'","'2020-08-14T20:51:56.43+00:00'"
"562","'?dl'","0","5","'?dél?nt?s?n'","'chdelntsn'","'?'","'I defended you (s).'","'vt.'","''","''","null","null","1","'2020-08-14T20:51:56.44+00:00'","'2020-08-14T20:51:56.44+00:00'"
"563","'?dl'","0","6","'e ?dél?st?m?n'","'echdelstmn'","''","'I defend you (sg.).'","'vt.'","''","''","null","null","1","'2020-08-14T20:51:56.456+00:00'","'2020-08-14T20:51:56.456+00:00'"
"564","'?dl'","0","7","'k??i???dél+m'","'kwi'chdelm'","''","'I am defending you (sg.).'","'vt.'","''","''","null","null","1","'2020-08-14T20:51:56.468+00:00'","'2020-08-14T20:51:56.468+00:00'"
"565","'?dl'","0","8","'?e?+k?i?s+?dél+m'","'che?kwischdelm'","''","'defend. (lit. I will defend you (sg.))'","'vt.'","''","''","null","null","1","'2020-08-14T20:51:56.475+00:00'","'2020-08-14T20:51:56.475+00:00'"
"566","'?dl'","0","9","'k'?ne? ?dél?nt?s?n'","'k'wne'chdelntsn'","''","'I am going to defend you (sg.).'","'vt.'","''","''","null","null","1","'2020-08-14T20:51:56.488+00:00'","'2020-08-14T20:51:56.488+00:00'"
"567","'?dl'","0","10","'?dél?n'","'chdeln'","''","'defend, guard, shield, protect. (lit. I defended him/her).'","'vt.'","''","''","null","null","1","'2020-08-14T20:51:56.495+00:00'","'2020-08-14T20:51:56.495+00:00'"
"568","'?dl'","0","11","'e+?dél+s?n'","'echdelsn'","''","'defend, intercede, behalf (speak on one's). (lit. I defend h/h/i.)'","'vt.'","''","''","null","null","1","'2020-08-14T20:51:56.5+00:00'","'2020-08-14T20:51:56.5+00:00'"
"569","'?dl'","0","12","'hi?+?dél+m'","'hi'chdelm'","''","'defending (I am...h/h).'","'vt.'","''","''","null","null","1","'2020-08-14T20:51:56.51+00:00'","'2020-08-14T20:51:56.51+00:00'"
"570","'?dl'","0","13","'?e?+his+?del+m'","'che?hischdelm'","''","'defend. (lit. I will defend h/h)'","'vt.'","''","''","null","null","1","'2020-08-14T20:51:56.518+00:00'","'2020-08-14T20:51:56.518+00:00'"
"571","'?dl'","0","14","'k'? ne? ?dél?n'","'k'wne'chdeln'","''","'I am going to defend h/h.'","'vt.'","''","''","null","null","1","'2020-08-14T20:51:56.522+00:00'","'2020-08-14T20:51:56.522+00:00'"
"572","'?dl'","0","15","'?dél?nt?ul?m?n'","'chdelntulmn'","''","'I defended you (pl).'","'vt.'","''","''","null","null","1","'2020-08-14T20:51:56.527+00:00'","'2020-08-14T20:51:56.527+00:00'"
"573","'?dl'","0","16","'e ?dél?st?ulm?n'","'echdelstulmn'","''","'I defend you (pl.).'","'vt.'","''","''","null","null","1","'2020-08-14T20:51:56.538+00:00'","'2020-08-14T20:51:56.538+00:00'"
"574","'?dl'","0","17","'k?p?hi?+?dél+m'","'kuphi'chdelm'","''","'defending (I am...you (pl(.'","'vt.'","''","''","null","null","1","'2020-08-14T20:51:56.544+00:00'","'2020-08-14T20:51:56.544+00:00'"
"575","'?dl'","0","18","'?e?+k?p?his+?del+m'","'che?kuphischdelm'","''","'defend, protect. (lit. I will defend you (pl(, vt.)'","''","''","''","null","null","1","'2020-08-14T20:51:56.551+00:00'","'2020-08-14T20:51:56.551+00:00'"
"576","'?dl'","0","19","'k'? ne? ?dél?nt?ulm?n'","'k'wne'chdelntulmn'","''","'I am going to defend you (pl.).'","'vt.'","''","''","null","null","1","'2020-08-14T20:51:56.555+00:00'","'2020-08-14T20:51:56.555+00:00'"
"577","'?dl'","0","20","'?dél?n-l?'","'chdelnlsh'","''","'defend (lit. I defended them).'","'vt.'","''","''","null","null","1","'2020-08-14T20:51:56.56+00:00'","'2020-08-14T20:51:56.56+00:00'"
"578","'?dl'","0","21","'e ?dél?s?n?l?'","'echdelsnlsh'","''","'I defend them.'","''","''","''","null","null","1","'2020-08-14T20:51:56.567+00:00'","'2020-08-14T20:51:56.567+00:00'"
"579","'?dl'","0","22","'hi?+?dél+m?l?'","'hi'chdelmlsh'","''","'defending (I am...them).'","'vt.'","''","''","null","null","1","'2020-08-14T20:51:56.57+00:00'","'2020-08-14T20:51:56.57+00:00'"
"580","'?dl'","0","23","'?e??hi?s+?dél+m?l?'","'che?hischdelmlsh'","''","'I will defend them.'","'vt.'","''","''","null","null","1","'2020-08-14T20:51:56.575+00:00'","'2020-08-14T20:51:56.575+00:00'"
"581","'?dl'","0","24","'k'? ne? ?dél?n?l?'","'k'wne'chdelnlsh'","''","'I am going to defend them.'","'vt.'","''","''","null","null","1","'2020-08-14T20:51:56.581+00:00'","'2020-08-14T20:51:56.581+00:00'"
"582","'?dl'","0","25","'?dél?nt?x?'","'chdelntkhw'","''","'you (s) defended him/her.'","'vt.'","''","''","null","null","1","'2020-08-14T20:51:56.592+00:00'","'2020-08-14T20:51:56.592+00:00'"
"583","'?dl'","0","26","'?dél?nt?se?x?'","'chdelntsekhw'","''","'You (s) defended me.'","'vt.'","''","''","null","null","1","'2020-08-14T20:51:56.603+00:00'","'2020-08-14T20:51:56.603+00:00'"
"584","'?dl'","0","27","'e ?dél?st?x?'","'echdelstkhw'","''","'You defend h/h/i.'","'vt.'","''","''","null","null","1","'2020-08-14T20:51:56.607+00:00'","'2020-08-14T20:51:56.607+00:00'"
"585","'?dl'","0","28","'e ?dél?st?me?x?'","'echdelstmekhw'","''","'You (sg.) defend me.'","'vt.'","''","''","null","null","1","'2020-08-14T20:51:56.623+00:00'","'2020-08-14T20:51:56.623+00:00'"
"586","'?dl'","0","29","'?n??i+?+?dél+m'","'chn'i'chdelm'","''","'you (sg.) are defending me.'","'vt.'","''","''","null","null","1","'2020-08-14T20:51:56.633+00:00'","'2020-08-14T20:51:56.633+00:00'"
"587","'?dl'","0","30","'?n??i?+?dél?mp'","'chn'i'chdelmp'","''","'defending. (lit. you (sg.) are defending me)'","'vt.'","''","''","null","null","1","'2020-08-14T20:51:56.647+00:00'","'2020-08-14T20:51:56.647+00:00'"
"588","'?dl'","0","31","'?e???n??i?s+?dél+m'","'che?chn'ischdelm'","''","'you (s) will defend me, you (sg.) are to defend me.'","'vt.'","''","''","null","null","1","'2020-08-14T20:51:56.659+00:00'","'2020-08-14T20:51:56.659+00:00'"
"589","'?dl'","0","32","'k'? ne? ?dél?nt?se?x?'","'k'wne'chdelntsekhw'","''","'You (sg.) are going to defend me.'","'vt.'","''","''","null","null","1","'2020-08-14T20:51:56.667+00:00'","'2020-08-14T20:51:56.667+00:00'"
"590","'?dl'","0","33","'?dél?nt'","'chdelnt'","''","'You defend him/her.'","'vt., imper.'","''","''","null","null","1","'2020-08-14T20:51:56.675+00:00'","'2020-08-14T20:51:56.675+00:00'"
"591","'?dl'","0","34","'i???dél+m'","'i'chdelm'","''","'You (sg.) are defending h/h.'","'vt.'","''","''","null","null","1","'2020-08-14T20:51:56.687+00:00'","'2020-08-14T20:51:56.687+00:00'"
"592","'?dl'","0","35","'?e???i?s+?dél+m'","'che?'ischdelm'","''","'you (s) will defend h/h.'","'vt.'","''","''","null","null","1","'2020-08-14T20:51:56.692+00:00'","'2020-08-14T20:51:56.692+00:00'"
"593","'?dl'","0","36","'k'? ne? ?dél?nt?x?'","'k'wne'chdelntkhw'","''","'You (sg.) are going to defend h/h.'","'vt.'","''","''","null","null","1","'2020-08-14T20:51:56.701+00:00'","'2020-08-14T20:51:56.701+00:00'"
"594","'?dl'","0","37","'?dél?nt?m'","'chdelntm'","''","'He was defended.'","'vt.'","''","''","null","null","1","'2020-08-14T20:51:56.706+00:00'","'2020-08-14T20:51:56.706+00:00'"
"595","'?dl'","0","38","'?dél?nt?se?s'","'chdelntses'","''","'He/she defended me.'","'vt.'","''","''","null","null","1","'2020-08-14T20:51:56.716+00:00'","'2020-08-14T20:51:56.716+00:00'"
"596","'?dl'","0","39","'e ?dél?st?me?s'","'echdelstmes'","''","'H/s defends me.'","'vt.'","''","''","null","null","1","'2020-08-14T20:51:56.72+00:00'","'2020-08-14T20:51:56.72+00:00'"
"807","'?n''","1","27","'mel'+?en'?nt?s'","'me'lche'nnts'","'§'","'comprise.'","'vt.'","''","''","null","null","1","'2020-08-14T20:51:58.423+00:00'","'2020-08-14T20:51:58.423+00:00'"
"598","'?dl'","0","41","'?e???i?s+?dél+m?s'","'che?chischdelms'","''","'h/s will defend me.'","'vt.'","''","''","null","null","1","'2020-08-14T20:51:56.737+00:00'","'2020-08-14T20:51:56.737+00:00'"
"599","'?dl'","0","42","'k'? ne? ?dél?nt?s?es'","'k'wne'chdelntses'","''","'H/s is going to defend me.'","'vt.'","''","''","null","null","1","'2020-08-14T20:51:56.741+00:00'","'2020-08-14T20:51:56.741+00:00'"
"600","'?dl'","0","43","'?dél?nt?si?s'","'chdelntsis'","''","'he/she defended you (s).'","'vt.'","''","''","null","null","1","'2020-08-14T20:51:56.752+00:00'","'2020-08-14T20:51:56.752+00:00'"
"601","'?dl'","0","44","'e ?dél?st?mi?s'","'echdelstmis'","''","'H/s defends you (sg.).'","'vt.'","''","''","null","null","1","'2020-08-14T20:51:56.756+00:00'","'2020-08-14T20:51:56.756+00:00'"
"602","'?dl'","0","45","'?e??k?u?s+?dél+m?s'","'che?kuschdelms'","''","'(lit. h/s will defend you (s(.'","'vt.'","''","''","null","null","1","'2020-08-14T20:51:56.761+00:00'","'2020-08-14T20:51:56.761+00:00'"
"603","'?dl'","0","46","'k?u?y'??dél+m?s'","'ku'ychdelms'","''","'H/S is defending you (sg).'","'vt.'","''","''","null","null","1","'2020-08-14T20:51:56.768+00:00'","'2020-08-14T20:51:56.768+00:00'"
"604","'?dl'","0","47","'k'? ne? ?dél?nt?si?s'","'k'wne'chdelntsis'","''","'H/s is going to defend you (sg.).'","'vt.'","''","''","null","null","1","'2020-08-14T20:51:56.778+00:00'","'2020-08-14T20:51:56.778+00:00'"
"605","'?dl'","0","48","'?dél?nt?sel?p'","'chdelntselp'","''","'You (pl) defended me.'","'vt.'","''","''","null","null","1","'2020-08-14T20:51:56.788+00:00'","'2020-08-14T20:51:56.788+00:00'"
"606","'?dl'","0","49","'e ?dél?st?me?lp'","'echdelstmelp'","''","'You (pl.) defend me.'","'vt.'","''","''","null","null","1","'2020-08-14T20:51:56.792+00:00'","'2020-08-14T20:51:56.792+00:00'"
"607","'?dl'","0","50","'?n??i?+?dél?mp'","'chn'i'chdelmp'","''","'defending (you (pl) are...me).'","'vt.'","''","''","null","null","1","'2020-08-14T20:51:56.803+00:00'","'2020-08-14T20:51:56.803+00:00'"
"608","'?dl'","0","51","'?e???i?s+?dél+m?p'","'che?chischdelmp'","''","'you (pl) will defend me.'","'vt.'","''","''","null","null","1","'2020-08-14T20:51:56.807+00:00'","'2020-08-14T20:51:56.807+00:00'"
"609","'?dl'","0","52","'k'? ne? ?dél?nt?sel?p'","'k'wne'chdelntselp'","''","'You (pl.) are going to defend me.'","'vt.'","''","''","null","null","1","'2020-08-14T20:51:56.817+00:00'","'2020-08-14T20:51:56.817+00:00'"
"610","'?dl'","0","53","'?dél?nt?ul'","'chdelntul'","''","'you (pl) defended him/her.'","'imper., vt.'","''","''","null","null","1","'2020-08-14T20:51:56.823+00:00'","'2020-08-14T20:51:56.823+00:00'"
"611","'?dl'","0","54","'?dél?nt?x??l?'","'chdelntkhwlsh'","''","'you (pl) defended them.'","'vt.'","''","''","null","null","1","'2020-08-14T20:51:56.83+00:00'","'2020-08-14T20:51:56.83+00:00'"
"612","'?dl'","0","55","'e ?dél?st?x??l?'","'echdelstkhwlsh'","''","'You (pl.) defend them.'","'vt.'","''","''","null","null","1","'2020-08-14T20:51:56.843+00:00'","'2020-08-14T20:51:56.843+00:00'"
"613","'?dl'","0","56","'i???dél+m?l?'","'i'chdelmlsh'","''","'You (pl.) are defending them. (Gloss: You(sg) are defending them.)'","'vt.'","''","''","null","null","1","'2020-08-14T20:51:56.867+00:00'","'2020-08-14T20:51:56.867+00:00'"
"614","'?dl'","0","57","'?e???i?s+?dél+m?l?'","'che?'ischdelmlsh'","''","'you (pl) will defend them.'","'vt.'","''","''","null","null","1","'2020-08-14T20:51:56.875+00:00'","'2020-08-14T20:51:56.875+00:00'"
"615","'?dl'","0","58","'k'? ne? ?dél?nt?x??l?'","'k'wne'chdelntkhwlsh'","''","'You (pl..) are going to defend them.'","'vt.'","''","''","null","null","1","'2020-08-14T20:51:56.885+00:00'","'2020-08-14T20:51:56.885+00:00'"
"616","'?dl'","0","59","'?dél?nt?se?s?l?'","'chdelntseslsh'","''","'They defended me.'","'vt.'","''","''","null","null","1","'2020-08-14T20:51:56.892+00:00'","'2020-08-14T20:51:56.892+00:00'"
"617","'?dl'","0","60","'e ?dél?st?me?s?l?'","'echdelstmeslsh'","''","'They defend me.'","'vt.'","''","''","null","null","1","'2020-08-14T20:51:56.9+00:00'","'2020-08-14T20:51:56.9+00:00'"
"618","'?dl'","0","61","'??y'c+?dél+m?s?l?'","'chi'chdelmslsh'","''","'lit. they are defending me.'","'vt.'","''","''","null","null","1","'2020-08-14T20:51:56.907+00:00'","'2020-08-14T20:51:56.907+00:00'"
"619","'?dl'","0","62","'?e???i?s+?dél+m?l?'","'che?chischdelmlsh'","''","'they will defend me.'","'vt.'","''","''","null","null","1","'2020-08-14T20:51:56.918+00:00'","'2020-08-14T20:51:56.918+00:00'"
"620","'?dl'","0","63","'k'? ne? ?dél?nt?s?es?l?'","'k'wne'chdelntseslsh'","''","'They are going to defend me.'","'vt.'","''","''","null","null","1","'2020-08-14T20:51:56.923+00:00'","'2020-08-14T20:51:56.923+00:00'"
"621","'?dl'","0","64","'?dél?nt?si?s?l?'","'chdelntsislsh'","''","'they defended you (pl).'","'vt.'","''","''","null","null","1","'2020-08-14T20:51:56.931+00:00'","'2020-08-14T20:51:56.931+00:00'"
"622","'?dl'","0","65","'e ?dél?st?mi?s?el?'","'echdelstmiselsh'","''","'They defend you (pl.).'","'vt.'","''","''","null","null","1","'2020-08-14T20:51:56.937+00:00'","'2020-08-14T20:51:56.937+00:00'"
"623","'?dl'","0","66","'k?up??i??dél+m?s?l?'","'kup'ichdelmslsh'","''","'They are defending you (pl.).'","'vt.'","''","''","null","null","1","'2020-08-14T20:51:56.94+00:00'","'2020-08-14T20:51:56.94+00:00'"
"624","'?dl'","0","67","'?e??k?up?s+?dél+m?l?'","'che?kupschdelmlsh'","''","'(lit. they will defend you (pl(.'","'vt.'","''","''","null","null","1","'2020-08-14T20:51:56.96+00:00'","'2020-08-14T20:51:56.96+00:00'"
"625","'?dl'","0","68","'k'? ne? ?dél?nt?ulmi?s'","'k'wne'chdelntulmis'","''","'They are going to defend you (pl.).'","'vt.'","''","''","null","null","1","'2020-08-14T20:51:56.966+00:00'","'2020-08-14T20:51:56.966+00:00'"
"626","'?g?'","0","1","'?ig?'","'chigw'","'?'","'extend. (lit. extend across)'","'stem vt.'","''","''","null","null","1","'2020-08-14T20:51:56.97+00:00'","'2020-08-14T20:51:56.97+00:00'"
"627","'?g?'","0","2","'?ig?+?'","'chigwsh'","''","'(lit. go out on the prairie)'","'vt.'","''","''","null","null","1","'2020-08-14T20:51:56.973+00:00'","'2020-08-14T20:51:56.973+00:00'"
"628","'?g?'","0","3","'?et+?ig?+i?'","'chetchigwish'","''","'he went across, course.'","'vt.'","''","''","null","null","1","'2020-08-14T20:51:56.982+00:00'","'2020-08-14T20:51:56.982+00:00'"
"629","'?g?'","0","4","'e+?et+?íg?+i?'","'echetchigwish'","''","'cross, traverse. (lit. H/s crossed/tra­versed the plain)'","'vt.'","''","''","null","null","1","'2020-08-14T20:51:56.985+00:00'","'2020-08-14T20:51:56.985+00:00'"
"630","'?g?'","0","5","'s+?et+?íg?+i?'","'schetchigwish'","''","'setting out (...across a plain), Big Bend country (going into the...), plain (setting out across a...), prairie (going into the...).'","'n., vi.'","''","''","null","null","1","'2020-08-14T20:51:56.989+00:00'","'2020-08-14T20:51:56.989+00:00'"
"631","'?g?'","0","6","'?n'??et+?ig?+i?'","'ch'nchetchigwish'","''","'traverse. (lit. I traversed the plain)'","'vi.'","''","''","null","null","1","'2020-08-14T20:51:56.997+00:00'","'2020-08-14T20:51:56.997+00:00'"
"632","'?g?'","0","7","'k????et+?íg?+i?'","'ku'chetchigwish'","''","'traverse (you (sg.)...).'","'vt.'","''","''","null","null","1","'2020-08-14T20:51:57.004+00:00'","'2020-08-14T20:51:57.004+00:00'"
"633","'?g?'","0","8","'???e+?et+?íg?+i?'","'ch'echetchigwish'","''","'We traverse the plain.'","'vt.'","''","''","null","null","1","'2020-08-14T20:51:57.009+00:00'","'2020-08-14T20:51:57.009+00:00'"
"634","'?g?'","0","9","'k?p'?e+?et+?íg?+i?'","'kup'echetchigwish'","''","'traverse (you (pl.)...the plain).'","'vt.'","''","''","null","null","1","'2020-08-14T20:51:57.025+00:00'","'2020-08-14T20:51:57.025+00:00'"
"635","'?g?'","0","10","'s+?ug?=áx?n'","'schugwaqhn'","'//'","'arm, limb (body). (lit. that which extends into space from the body)'","'n.'","''","''","null","null","1","'2020-08-14T20:51:57.039+00:00'","'2020-08-14T20:51:57.039+00:00'"
"636","'?g?'","0","11","'ul s+?og?=ax?n'","'ul schogwaqhn'","''","'brachial. (lit. of the arm)'","'adj.'","':[see also ?hg?]'","''","null","null","1","'2020-08-14T20:51:57.052+00:00'","'2020-08-14T20:51:57.052+00:00'"
"637","'?hg?'","0","1","'?et+?ihg?'","'chetchihgw'","'?'","'area, field, plain.'","'n.'","'[xref ?g?]'","''","null","null","1","'2020-08-14T20:51:57.06+00:00'","'2020-08-14T20:51:57.06+00:00'"
"638","'?l'","1","1","'?el'","'chel'","'?'","'await (...eagerly, anxiously).'","'stem vt.'","''","''","null","null","1","'2020-08-14T20:51:57.067+00:00'","'2020-08-14T20:51:57.067+00:00'"
"639","'?l'","2","1","'hn+?i+?lí'","'Hnchichli'","'?'","'little lake near Benewah Lake.'","'n.'","''","''","null","null","1","'2020-08-14T20:51:57.084+00:00'","'2020-08-14T20:51:57.084+00:00'"
"640","'?l?'","0","1","'s+n+?él?=elps'","'snchelshelps'","'//'","'hardtack. (lit. hard food) (\'story\' word)'","'n.'","''","''","null","null","1","'2020-08-14T20:51:57.09+00:00'","'2020-08-14T20:51:57.09+00:00'"
"641","'?lx?'","0","1","'?élex?'","'chelekhw'","'?'","'muskrat.'","'n.'","''","''","null","null","1","'2020-08-14T20:51:57.095+00:00'","'2020-08-14T20:51:57.095+00:00'"
"642","'?lx?'","0","2","'?+?l'ix?'","'chch'likhw'","''","'muskrat, small muskrat.'","'dim, n.'","''","''","null","null","1","'2020-08-14T20:51:57.105+00:00'","'2020-08-14T20:51:57.105+00:00'"
"643","'?l?'","0","1","'?ele?'","'chele''","'?'","'bark, cradle board.'","'n.'","'[xref ?'l]'","''","null","null","1","'2020-08-14T20:51:57.109+00:00'","'2020-08-14T20:51:57.109+00:00'"
"644","'?l''","0","1","'?el''","'che'l'","'?'","'cough up.'","'stem vi.'","''","''","null","null","1","'2020-08-14T20:51:57.122+00:00'","'2020-08-14T20:51:57.122+00:00'"
"645","'?l''","0","2","'?il''","'chi'l'","''","'nauseated, throw up, vomit.'","'v., vt.'","''","''","null","null","1","'2020-08-14T20:51:57.13+00:00'","'2020-08-14T20:51:57.13+00:00'"
"646","'??'","1","1","'?e?'","'che?'","'?'","'divorce, part, separate.'","'stem vi., vt.'","''","''","null","null","1","'2020-08-14T20:51:57.135+00:00'","'2020-08-14T20:51:57.135+00:00'"
"647","'??'","1","2","'e· ?e?+m'","'eeche?m'","''","'alone, independent, isolated. (lit. H/s is separated from other people)'","'adj.'","''","':'","null","null","1","'2020-08-14T20:51:57.139+00:00'","'2020-08-14T20:51:57.139+00:00'"
"648","'??'","1","3","'ec+t+?é?+m'","'etstche?m'","''","'unique. (lit. It is separated from others)'","'adj.'","''","':'","null","null","1","'2020-08-14T20:51:57.146+00:00'","'2020-08-14T20:51:57.146+00:00'"
"649","'??'","1","4","'?e?+m+ncut'","'che?mntsut'","''","'anchorite. (lit. he set himself aside/apart)'","'n.'","''","''","null","null","1","'2020-08-14T20:51:57.151+00:00'","'2020-08-14T20:51:57.151+00:00'"
"650","'??'","1","5","'s+cén+?e?+?+m'","'stsenche??m'","''","'break away.'","'vi.'","''","''","null","null","1","'2020-08-14T20:51:57.16+00:00'","'2020-08-14T20:51:57.16+00:00'"
"651","'??'","1","6","'s+??+??=íw'es'","'sch?ch?i'wes'","'//'","'division. (lit. The act or state of being separated into parts)'","'n.'","''","''","null","null","1","'2020-08-14T20:51:57.17+00:00'","'2020-08-14T20:51:57.17+00:00'"
"652","'??'","1","7","'?e?+m?s?n'","'che?msn'","'?'","'compart. (lit. I divided it, I separated it)'","'vt.'","''","''","null","null","1","'2020-08-14T20:51:57.175+00:00'","'2020-08-14T20:51:57.175+00:00'"
"653","'??'","1","8","'?é?+m?st?m'","'che?mstm'","''","'asunder. (lit. He put apart in position or direction)'","'adv.'","''","''","null","null","1","'2020-08-14T20:51:57.18+00:00'","'2020-08-14T20:51:57.18+00:00'"
"654","'??'","1","9","'?é?+??+m?st?m'","'che?ch?mstm'","''","'bracket. (lit. They were classified or grouped together)'","'vt.'","''","''","null","null","1","'2020-08-14T20:51:57.19+00:00'","'2020-08-14T20:51:57.19+00:00'"
"655","'??'","1","10","'??=iw'es?nt?m?l?'","'ch?i'wesntmlsh'","''","'detribalize, disorganized.'","'vi.'","''","''","null","null","1","'2020-08-14T20:51:57.199+00:00'","'2020-08-14T20:51:57.199+00:00'"
"656","'??'","1","11","'??=iwes?nt?m'","'ch?iwesntm'","''","'disjointed, disconnect. (lit. It was disjointed)'","'vi.'","''","''","null","null","1","'2020-08-14T20:51:57.204+00:00'","'2020-08-14T20:51:57.204+00:00'"
"657","'??'","2","1","'?i?'","'chi?'","'?'","'give.'","'vt.'","''","''","null","null","1","'2020-08-14T20:51:57.208+00:00'","'2020-08-14T20:51:57.208+00:00'"
"658","'??'","2","2","'?í?+?e?'","'chi?shesh'","''","'conduce. (lit. He gave to others)'","'vi.'","''","''","null","null","1","'2020-08-14T20:51:57.224+00:00'","'2020-08-14T20:51:57.224+00:00'"
"659","'??'","2","3","'s+?i?+?e?'","'schi?shesh'","''","'concession, consignment, present. (lit. giving one something)'","'n.'","''","''","null","null","1","'2020-08-14T20:51:57.231+00:00'","'2020-08-14T20:51:57.231+00:00'"
"660","'??'","2","4","'s+?í?+?+?e?'","'schi??shesh'","''","'datum. (lit. something given)'","'n.'","''","''","null","null","1","'2020-08-14T20:51:57.24+00:00'","'2020-08-14T20:51:57.24+00:00'"
"661","'??'","2","5","'sye+?í?+?e?'","'syechi?shesh'","''","'bartender. (lit. One who gives (sells) liquors)'","'n.'","''","''","null","null","1","'2020-08-14T20:51:57.253+00:00'","'2020-08-14T20:51:57.253+00:00'"
"662","'??'","2","6","'?í?+?e?+mn'","'chi?sheshmn'","''","'delivery.'","'n.'","''","''","null","null","1","'2020-08-14T20:51:57.258+00:00'","'2020-08-14T20:51:57.258+00:00'"
"663","'??'","2","7","'s+?í?+?e?+mn'","'schi?sheshmn'","''","'delivery (lit. giving something away).'","'n.'","''","''","null","null","1","'2020-08-14T20:51:57.264+00:00'","'2020-08-14T20:51:57.264+00:00'"
"664","'??'","2","8","'?e?+?e?+mi+ncut'","'che?sheshmintsut'","''","'surrender, betray. (lit. He gave himself away; h/s submitted/gave up)'","'vi., vt.'","''","''","null","null","1","'2020-08-14T20:51:57.279+00:00'","'2020-08-14T20:51:57.279+00:00'"
"665","'??'","2","9","'?e?+k?p?his+?i?+t+m'","'che?kuphischi?tm'","''","'give, present. (lit. I am going to give it to you)'","'vt.'","''","''","null","null","1","'2020-08-14T20:51:57.286+00:00'","'2020-08-14T20:51:57.286+00:00'"
"666","'??'","2","10","'s+n+?í?=us'","'snchi?us'","'//'","'compensation.'","'n.'","''","''","null","null","1","'2020-08-14T20:51:57.29+00:00'","'2020-08-14T20:51:57.29+00:00'"
"667","'??'","2","11","'u? n+?í?=us'","'u?nchi?us'","''","'reimbursed (He...).'","'vt.'","''","''","null","null","1","'2020-08-14T20:51:57.298+00:00'","'2020-08-14T20:51:57.298+00:00'"
"668","'??'","2","12","'?i??n'","'chi?n'","'?'","'I gave it to him or her.'","'vt.'","''","''","null","null","1","'2020-08-14T20:51:57.304+00:00'","'2020-08-14T20:51:57.304+00:00'"
"669","'??'","2","13","'?i??n?l?'","'chi?nlsh'","''","'I gave it to them.'","'vt.'","''","''","null","null","1","'2020-08-14T20:51:57.309+00:00'","'2020-08-14T20:51:57.309+00:00'"
"670","'??'","2","14","'?i??t?s?n'","'chi?tsn'","''","'I gave it to you (sg.).'","'vt.'","''","''","null","null","1","'2020-08-14T20:51:57.318+00:00'","'2020-08-14T20:51:57.318+00:00'"
"671","'??'","2","15","'?í??t?ulm?n'","'chi?tulmn'","''","'I gave it to you (p1.).'","'vt.'","''","''","null","null","1","'2020-08-14T20:51:57.322+00:00'","'2020-08-14T20:51:57.322+00:00'"
"672","'??'","2","16","'?í?+?e?+mn?n'","'chi?sheshmnn'","''","'consign. (lit. I gave it away)'","'vt.'","''","''","null","null","1","'2020-08-14T20:51:57.333+00:00'","'2020-08-14T20:51:57.333+00:00'"
"673","'??'","2","17","'?í??t?sel?em'","'chi?tselem'","''","'I was given it.'","'vt.'","''","''","null","null","1","'2020-08-14T20:51:57.337+00:00'","'2020-08-14T20:51:57.337+00:00'"
"674","'??'","2","18","'?í??t?se?x?'","'chi?tsekhw'","''","'You (sg.) gave it to me.'","'vt.'","''","''","null","null","1","'2020-08-14T20:51:57.344+00:00'","'2020-08-14T20:51:57.344+00:00'"
"675","'??'","2","19","'?í??t?si?t'","'chi?tsit'","''","'You (sg.) were given it.'","'vt.'","''","''","null","null","1","'2020-08-14T20:51:57.35+00:00'","'2020-08-14T20:51:57.35+00:00'"
"676","'??'","2","20","'?í??t?se?s'","'chi?tses'","''","'H/s gave it to me.'","'vt.'","''","''","null","null","1","'2020-08-14T20:51:57.366+00:00'","'2020-08-14T20:51:57.366+00:00'"
"677","'??'","2","21","'?i?+t+m'","'chi?tm'","''","'He was given it, bestow.'","'vt.'","''","''","null","null","1","'2020-08-14T20:51:57.374+00:00'","'2020-08-14T20:51:57.374+00:00'"
"678","'??'","2","22","'?e????s+?í??t?m?s'","'che?chschi?tms'","''","'give (lit. he is going to give it to us).'","'vt.'","''","''","null","null","1","'2020-08-14T20:51:57.385+00:00'","'2020-08-14T20:51:57.385+00:00'"
"679","'??'","2","23","'?í?+?e?+m?nt?s'","'chi?sheshmnts'","''","'deliver, H/s sold it. (lit. He gave it away)'","'vt.'","''","''","null","null","1","'2020-08-14T20:51:57.392+00:00'","'2020-08-14T20:51:57.392+00:00'"
"680","'??'","2","24","'?í??t?sel?p'","'chi?tselp'","''","'You (pl.) gave it to me.'","'vt.'","''","''","null","null","1","'2020-08-14T20:51:57.404+00:00'","'2020-08-14T20:51:57.404+00:00'"
"681","'??'","2","25","'?í??t?ulmi?t'","'chi?tulmit'","''","'You (pl.) were given it.'","'vt.'","''","''","null","null","1","'2020-08-14T20:51:57.408+00:00'","'2020-08-14T20:51:57.408+00:00'"
"682","'??'","2","26","'?í??t?se?s?l?'","'chi?tseslsh'","''","'They gave it to me.'","'vt.'","''","''","null","null","1","'2020-08-14T20:51:57.418+00:00'","'2020-08-14T20:51:57.418+00:00'"
"683","'??p'","1","1","'??ip'","'ch?ip'","'?'","'hunted. (lit. he hunted game)'","'vi.'","''","''","null","null","1","'2020-08-14T20:51:57.423+00:00'","'2020-08-14T20:51:57.423+00:00'"
"684","'??p'","1","2","'??+??ip'","'ch?ch?ip'","''","'they hunted game.'","'vt.'","''","''","null","null","1","'2020-08-14T20:51:57.44+00:00'","'2020-08-14T20:51:57.44+00:00'"
"685","'??p'","1","3","'s+??ip'","'sch?ip'","''","'hunt.'","'v.'","''","''","null","null","1","'2020-08-14T20:51:57.455+00:00'","'2020-08-14T20:51:57.455+00:00'"
"686","'??p'","1","4","'s+??íp'","'sch?ip'","''","'hunting, to hunt.'","'v.'","''","''","null","null","1","'2020-08-14T20:51:57.463+00:00'","'2020-08-14T20:51:57.463+00:00'"
"687","'??p'","1","5","'in+?e?ep?núm?t'","'inche?epnumt'","'?'","'hunt (He wants to...game), game (He wants to hunt...).'","'n., vt.'","''","''","null","null","1","'2020-08-14T20:51:57.471+00:00'","'2020-08-14T20:51:57.471+00:00'"
"688","'??p'","2","1","'??p+m=ew'es+i·?ú'","'ch?p'me'wesii'u'","''","'horse trapping with long fringes over buttocks.'","'n.'","''","''","null","null","1","'2020-08-14T20:51:57.481+00:00'","'2020-08-14T20:51:57.481+00:00'"
"689","'??s'","0","1","'s+??ís+is+m'","'sch?isism'","'?'","'analogue.'","'n.'","''","''","null","null","1","'2020-08-14T20:51:57.498+00:00'","'2020-08-14T20:51:57.498+00:00'"
"690","'??s'","0","2","'s+??is+m+?e?'","'sch?ismshesh'","''","'analogy, metaphor, comparison.'","'n.'","''","''","null","null","1","'2020-08-14T20:51:57.505+00:00'","'2020-08-14T20:51:57.505+00:00'"
"691","'??s'","0","3","'s+??í[s]+m'?e?'","'sch?ish'mshesh'","''","'opposition. (lit. putting side by side with something else)'","'n.'","''","''","null","null","1","'2020-08-14T20:51:57.512+00:00'","'2020-08-14T20:51:57.512+00:00'"
"692","'??s'","0","4","'ul s+??ís+m+?e?'","'ul sch?ismshesh'","''","'comparative. (lit. involving com­parison)'","'adj.'","''","':'","null","null","1","'2020-08-14T20:51:57.52+00:00'","'2020-08-14T20:51:57.52+00:00'"
"693","'??s'","0","5","'??is+s+útm'","'ch?issutm'","''","'comparable. (lit. It's worthy of com­parison)'","'adj.'","''","':'","null","null","1","'2020-08-14T20:51:57.528+00:00'","'2020-08-14T20:51:57.528+00:00'"
"694","'??s'","0","6","'??ís+m?stu?s'","'ch?ismstus'","'?'","'compare, coordinate. (lit. He measured (compared) it with something else'","'vi.'","''","''","null","null","1","'2020-08-14T20:51:57.539+00:00'","'2020-08-14T20:51:57.539+00:00'"
"695","'??s'","0","7","'?ep+s+??ís+s+mn'","'epsch?issmn'","'§'","'analogous. (lit. It has similarity)'","'vi., adj.'","''","':'","null","null","1","'2020-08-14T20:51:57.547+00:00'","'2020-08-14T20:51:57.547+00:00'"
"696","'??s'","0","8","'elu+s+??ís+is+m'","'elusch?isism'","''","'asymmetric, unequal. (lit. It has no comparison)'","'adj.'","''","':'","null","null","1","'2020-08-14T20:51:57.551+00:00'","'2020-08-14T20:51:57.551+00:00'"
"697","'?m'","0","1","'?m=iw'es'","'chmi'wes'","'//'","'Chatcolet (Lake). (lit. midsection)'","'n.'","''","''","null","null","1","'2020-08-14T20:51:57.555+00:00'","'2020-08-14T20:51:57.555+00:00'"
"698","'?m'","0","2","'hn+?em=cn'","'Hnchemtsn'","''","'confluence, St. Maries, Idaho.'","'n.'","''","''","null","null","1","'2020-08-14T20:51:57.561+00:00'","'2020-08-14T20:51:57.561+00:00'"
"699","'?mn'","0","1","'?+?min'","'chchmin'","'?'","'fling, hurl, toss. (lit. throw one object)'","'vi.'","''","''","null","null","1","'2020-08-14T20:51:57.569+00:00'","'2020-08-14T20:51:57.569+00:00'"
"700","'?mn'","0","2","'?+?mí'","'chchmi'","''","'throw. (lit. throw one object)'","'vt.'","''","''","null","null","1","'2020-08-14T20:51:57.573+00:00'","'2020-08-14T20:51:57.573+00:00'"
"701","'?mn'","0","3","'?+?min?t?s'","'chchmints'","'?'","'cast, discard, throw away.'","'vt.'","''","''","null","null","1","'2020-08-14T20:51:57.581+00:00'","'2020-08-14T20:51:57.581+00:00'"
"702","'?mn'","0","4","'t?+?mín+p=?x??nt?m'","'tchchminp?khwntm'","''","'degrade, eject. (lit. He was thrown out of the house, He was deprived of dignity, He was ousted)'","'vi.'","''","''","null","null","1","'2020-08-14T20:51:57.591+00:00'","'2020-08-14T20:51:57.591+00:00'"
"703","'?m''","1","1","'?em''","'che'm'","'?'","'grab, grasp. (lit. take hold of objects'","'stem vt.'","''","''","null","null","1","'2020-08-14T20:51:57.599+00:00'","'2020-08-14T20:51:57.599+00:00'"
"704","'?m''","1","2","'?im[']'","'ch'im'","''","'grab some.'","'stem vt.'","''","''","null","null","1","'2020-08-14T20:51:57.608+00:00'","'2020-08-14T20:51:57.608+00:00'"
"705","'?m''","1","3","'t+?ém'+m'","'tche'mm'","''","'detract. (lit. He plucked (berries, etc.)'","'v.'","''","''","null","null","1","'2020-08-14T20:51:57.617+00:00'","'2020-08-14T20:51:57.617+00:00'"
"706","'?m''","1","4","'s+t+?em'+m'","'stche'mm'","''","'taking hold of them (berries) on tree, plant.'","'vt.'","''","''","null","null","1","'2020-08-14T20:51:57.622+00:00'","'2020-08-14T20:51:57.622+00:00'"
"707","'?m''","1","5","'?et+?em'+?m''","'Chetche'mch'm'","''","'Emida, Idaho. Emida. (lit. gathering objects on the meadow)'","'n.'","''","''","null","null","1","'2020-08-14T20:51:57.631+00:00'","'2020-08-14T20:51:57.631+00:00'"
"708","'?m''","1","6","'t+?m'=cín+m'","'tch'mtsinm'","'//'","'He took them (berries) off bush to eat.'","'v.'","''","''","null","null","1","'2020-08-14T20:51:57.638+00:00'","'2020-08-14T20:51:57.638+00:00'"
"709","'?m''","1","7","'s+?m'=í?n''","'sch'mich'n'","''","'armament. (lit. weapons taken along)'","'n.'","''","''","null","null","1","'2020-08-14T20:51:57.645+00:00'","'2020-08-14T20:51:57.645+00:00'"
"710","'?m''","1","8","'hn+?m'=í?x?'","'hnch'mi?khw'","''","'burglarize, robbed. (lit. One who takes from a house)'","'vi.'","''","''","null","null","1","'2020-08-14T20:51:57.652+00:00'","'2020-08-14T20:51:57.652+00:00'"
"711","'?m''","1","9","'sye+n+?m'=í?x?'","'syench'mi?khw'","''","'brigand, burglar, buccaneer. (lit. One who takes from a house)'","'n.'","''","''","null","null","1","'2020-08-14T20:51:57.657+00:00'","'2020-08-14T20:51:57.657+00:00'"
"712","'?m''","1","10","'sye+n+?m=í?x?'","'syenchmi?khw'","''","'bandit. (lit. One who takes from a house)'","'n.'","''","''","null","null","1","'2020-08-14T20:51:57.662+00:00'","'2020-08-14T20:51:57.662+00:00'"
"713","'?m''","1","11","'?em'?nt?s'","'che'mnts'","'?'","'grasp.'","'vi.'","''","''","null","null","1","'2020-08-14T20:51:57.679+00:00'","'2020-08-14T20:51:57.679+00:00'"
"714","'?m''","1","12","'tep+cen+?ém'?nt?s'","'teptsenche'mnts'","''","'deduct. (lit. He took to be left several things)'","'v.'","''","''","null","null","1","'2020-08-14T20:51:57.695+00:00'","'2020-08-14T20:51:57.695+00:00'"
"715","'?m''","1","13","'hn+?m'=i?x??nt?s'","'hnch'mi?khwnts'","''","'rob (lit. he robbed him).'","'vi.'","''","''","null","null","1","'2020-08-14T20:51:57.706+00:00'","'2020-08-14T20:51:57.706+00:00'"
"716","'?m''","1","14","'?m'=i?n'-t-sel-em'","'ch'mich'ntselem'","''","'disarm. (lit. I was deprived of weapons)'","'vi., vt.'","''","''","null","null","1","'2020-08-14T20:51:57.716+00:00'","'2020-08-14T20:51:57.716+00:00'"
"717","'?m''","1","15","'hn+?m'=i?x??nt?sel?m'","'hnch'mi?khwntselm'","''","'despoil, burglarized. (lit. My house was burglarized)'","'vi.'","''","''","null","null","1","'2020-08-14T20:51:57.721+00:00'","'2020-08-14T20:51:57.721+00:00'"
"718","'?m''","1","16","'?i·+?ím[']=?t+m'","'chiich'imchtm'","''","'h/s took a handful this way.'","'vt.'","''","''","null","null","1","'2020-08-14T20:51:57.726+00:00'","'2020-08-14T20:51:57.726+00:00'"
"719","'?m''","1","17","'?am'+?elu+?+x?al+x?elex?'","'cha'm'elu?qhalqhelekhw'","'§'","'toothless. (lit. he no longer has his teeth)'","'adj.'","''","':'","null","null","1","'2020-08-14T20:51:57.734+00:00'","'2020-08-14T20:51:57.734+00:00'"
"720","'?m''","2","1","'?im''","'chi'm'","''","'disdain.'","'stem vt.'","''","''","null","null","1","'2020-08-14T20:51:57.738+00:00'","'2020-08-14T20:51:57.738+00:00'"
"721","'?n'","1","1","'?n?'","'chn'","'?'","'I.'","'interrogative'","''","''","null","null","1","'2020-08-14T20:51:57.745+00:00'","'2020-08-14T20:51:57.745+00:00'"
"722","'?n'","1","2","'?n?e'","'chn'e'","''","'I, me, ego.'","'pro.'","''","''","null","null","1","'2020-08-14T20:51:57.753+00:00'","'2020-08-14T20:51:57.753+00:00'"
"723","'?n'","1","3","'?n+?eng?et'","'chn'engwet'","''","'I. (lit. it is I, I am I)'","'pro.'","''","''","null","null","1","'2020-08-14T20:51:57.756+00:00'","'2020-08-14T20:51:57.756+00:00'"
"724","'?n'","1","4","'u ?n?é?'","'uchn'e''","''","'alone (I..).'","'adj.'","''","':'","null","null","1","'2020-08-14T20:51:57.767+00:00'","'2020-08-14T20:51:57.767+00:00'"
"725","'?n'","1","5","'t'u? u+?n?x?é·s'","'t'u' uchnqheees'","''","'am (Well, I...fine.'","'vi.'","''","''","null","null","1","'2020-08-14T20:51:57.77+00:00'","'2020-08-14T20:51:57.77+00:00'"
"726","'?n'","1","6","'?n?x?es+e·y+?it?'","'chnqhesee'yitsh'","''","'slept. (lit. I slept well)'","'vt.'","''","''","null","null","1","'2020-08-14T20:51:57.788+00:00'","'2020-08-14T20:51:57.788+00:00'"
"727","'?n'","2","1","'?en+t'","'chent'","'?'","'smell (strong), strong (to smell...).'","'vi.'","''","''","null","null","1","'2020-08-14T20:51:57.795+00:00'","'2020-08-14T20:51:57.795+00:00'"
"728","'?n'","2","2","'?en+?en+t=i?t'","'chenchenticht'","'//'","'alligator, crocodile, lizard.'","'n.'","''","''","null","null","1","'2020-08-14T20:51:57.802+00:00'","'2020-08-14T20:51:57.802+00:00'"
"729","'?n'","3","1","'e+?ín+m'","'echinm?'","'?'","'happen. (lit. what happened to h/h?, What did h/s do?)'","'vi.'","''","''","null","null","1","'2020-08-14T20:51:57.806+00:00'","'2020-08-14T20:51:57.806+00:00'"
"730","'?n'","3","2","'k?u?y'?c+?i+?ín+m?'","'ku'yts'ichinmsh'","''","'What are you doing?'","'qu.'","''","''","null","null","1","'2020-08-14T20:51:57.816+00:00'","'2020-08-14T20:51:57.816+00:00'"
"731","'?n'","3","3","'?in+m?'","'chinmsh?'","''","'What in the world are you doing (here)?'","'qu.'","''","''","null","null","1","'2020-08-14T20:51:57.82+00:00'","'2020-08-14T20:51:57.82+00:00'"
"732","'?n'","3","4","'k?u??e+?ín+m'","'ku'echinm'","''","'What did you (sg.) do?'","'qu.'","''","''","null","null","1","'2020-08-14T20:51:57.824+00:00'","'2020-08-14T20:51:57.824+00:00'"
"733","'?n'","3","5","'k?u??c+?ín+m'","'ku'tschinm?'","''","'How are you (sg.)?'","'vi.'","''","''","null","null","1","'2020-08-14T20:51:57.831+00:00'","'2020-08-14T20:51:57.831+00:00'"
"734","'?n'","3","6","'*k?u?y'?n ha?+?ána=qn'","'ku'yn ha'chanaqhn'","''","'?? Where do you intend to go? (lit. Where is your head going?).'","'qu.'","''","''","null","null","1","'2020-08-14T20:51:57.839+00:00'","'2020-08-14T20:51:57.839+00:00'"
"735","'?n'","4","1","'u· ?n·'","'uuchnnn'","'?'","'is rumbling (It...).'","'vi.'","''","''","null","null","1","'2020-08-14T20:51:57.847+00:00'","'2020-08-14T20:51:57.847+00:00'"
"736","'?n'","4","2","'hn+?én+?n=cn'","'hnchenchntsn'","''","'clamor, din. (clamor. (lit. It (engine) makes a deep and violent noise)'","'n.'","''","''","null","null","1","'2020-08-14T20:51:57.854+00:00'","'2020-08-14T20:51:57.854+00:00'"
"737","'?nk?'","0","1","'en+?núk?=cn'","'enchnukwtsn'","''","'Chinook (to speak...).'","'n.'","''","''","null","null","1","'2020-08-14T20:51:57.859+00:00'","'2020-08-14T20:51:57.859+00:00'"
"738","'?nl'","0","1","'?nil+emn'","'chnilemn'","'?'","'deadly, baneful, venomous.'","'adj.'","''","':'","null","null","1","'2020-08-14T20:51:57.875+00:00'","'2020-08-14T20:51:57.875+00:00'"
"739","'?nl'","0","2","'?níl+emn'","'chnilemn'","''","'poison.'","'n.'","''","''","null","null","1","'2020-08-14T20:51:57.892+00:00'","'2020-08-14T20:51:57.892+00:00'"
"740","'?nl'","0","3","'s+?níl+n'","'schniln'","''","'contagion. (lit. poisoning another)'","'n.'","''","''","null","null","1","'2020-08-14T20:51:57.904+00:00'","'2020-08-14T20:51:57.904+00:00'"
"741","'?nl'","0","4","'ul ?iw't he ?níl+emn'","'ul shi'wt he chnilemn'","'§'","'rat poison.'","'n.'","''","''","null","null","1","'2020-08-14T20:51:57.91+00:00'","'2020-08-14T20:51:57.91+00:00'"
"742","'?nl'","0","5","'hn+péste?=us+s x?e ?níl+emn'","'hnpeste'uss khwe chnilemn'","''","'antidote. (lit. the opposite side of poison, something that counteracts poison, injury or contagion)'","'n.'","''","''","null","null","1","'2020-08-14T20:51:57.922+00:00'","'2020-08-14T20:51:57.922+00:00'"
"743","'?nt'","0","1","'s+?int'","'Schint'","'?'","'human being, Indian.'","'n.'","''","''","null","null","1","'2020-08-14T20:51:57.931+00:00'","'2020-08-14T20:51:57.931+00:00'"
"744","'?nt'","0","2","'?ep+s+?ínt'","'epschint'","''","'there are people/Indians.'","'vi.'","''","''","null","null","1","'2020-08-14T20:51:57.938+00:00'","'2020-08-14T20:51:57.938+00:00'"
"745","'?nt'","0","3","'s+ceg?+es+?ínt'","'stsegweschint'","'§'","'animal magnetism, archetype, model (example for a person). (lit. animal example, model; model for a human being; talisman, anything that has a magical effect)'","'n.'","''","''","null","null","1","'2020-08-14T20:51:57.944+00:00'","'2020-08-14T20:51:57.944+00:00'"
"746","'?nt'","0","4","'s+cug?+cug?+s+?ín't'","'stsugwtsuguschi'nt'","''","'demonstration. (lit. teaching a person by one's own example)'","'n.'","''","''","null","null","1","'2020-08-14T20:51:57.953+00:00'","'2020-08-14T20:51:57.953+00:00'"
"747","'?nt'","0","5","'s+miyes+?ínt'","'smiyeschint'","''","'aristocracy, aristocrat, baron, dignitary, bigwig, blue blood, noble descent, nobleman. (lit. more than ordinary human beings)'","'n.'","''","''","null","null","1","'2020-08-14T20:51:57.958+00:00'","'2020-08-14T20:51:57.958+00:00'"
"748","'?nt'","0","6","'lut s+miy+es+?ínt'","'lut smiyeschint'","''","'commoner. (lit. He is not a nobleman)'","'n.'","''","''","null","null","1","'2020-08-14T20:51:57.97+00:00'","'2020-08-14T20:51:57.97+00:00'"
"749","'?nt'","0","7","'s+m'+m'iy'es+?ín't'","'sm\'mi'yeschi'nt'","''","'bourgeois. (lit. little nobleman)'","'n.'","''","''","null","null","1","'2020-08-14T20:51:57.978+00:00'","'2020-08-14T20:51:57.978+00:00'"
"750","'?nt'","0","8","'miyes+?int+m?st?m'","'miyeschintmstm'","''","'elevate, dignify, ennoble. (lit. h/s was made noble)'","'vi.'","''","''","null","null","1","'2020-08-14T20:51:57.983+00:00'","'2020-08-14T20:51:57.983+00:00'"
"751","'?nt'","0","9","'ul s+?int hen+t+c'ux??=ípele??is'","'ul schint hentts'uqhwipele'is'","''","'democracy. (lit. government of the people)'","'n.'","''","''","null","null","1","'2020-08-14T20:51:57.987+00:00'","'2020-08-14T20:51:57.987+00:00'"
"752","'?nt'","0","10","'s+lem+t+me+s+?ínt'","'slemtmeschint'","''","'charm. (lit. The power or quality of pleasing people)'","'n.'","''","''","null","null","1","'2020-08-14T20:51:57.994+00:00'","'2020-08-14T20:51:57.994+00:00'"
"753","'?nt'","0","11","'e+tem+n+es+?ínt'","'etemneschint'","''","'kind. (lit. He treats others sociably)'","'vt., adj.'","''","':'","null","null","1","'2020-08-14T20:51:57.999+00:00'","'2020-08-14T20:51:57.999+00:00'"
"754","'?nt'","0","12","'s+tem+n+es+?int'","'stemneschint'","''","'entertain, host.'","'vt.'","''","''","null","null","1","'2020-08-14T20:51:58.008+00:00'","'2020-08-14T20:51:58.008+00:00'"
"755","'?nt'","0","13","'ul+s+q?ic=ul'mx??s he s+?int'","'ul sqwitsu'lmkhws he schint'","''","'Apache (lit. Indian of a warm country).'","'n.'","''","''","null","null","1","'2020-08-14T20:51:58.016+00:00'","'2020-08-14T20:51:58.016+00:00'"
"756","'?nt'","0","14","'s+?int+e?+yilmix?+m'","'schinte?yilmikhm'","''","'agency, agent (Indian), superintendent. (lit. Indian chief)'","'n.'","''","''","null","null","1","'2020-08-14T20:51:58.022+00:00'","'2020-08-14T20:51:58.022+00:00'"
"757","'?nt'","0","15","'s+?int+e?+ylmíx?+m'","'schinte?ylmikhum'","''","'bureaucrat, chief (indian...).'","'n.'","''","''","null","null","1","'2020-08-14T20:51:58.03+00:00'","'2020-08-14T20:51:58.03+00:00'"
"758","'?nt'","0","16","'s+?em+?em+s+?ínt'","'s(em(emschint'","''","'animosity, animus, hate, hostility. (lit. feeling hostility toward a human being)'","'n.'","''","''","null","null","1","'2020-08-14T20:51:58.04+00:00'","'2020-08-14T20:51:58.04+00:00'"
"759","'?nt'","0","17","'s+can+q'ey'+iy'+s x?e s+?int'","'stsanq'e'yi'ys khwe schint'","''","'demography. (lit. writing concerning people)'","'n.'","''","''","null","null","1","'2020-08-14T20:51:58.05+00:00'","'2020-08-14T20:51:58.05+00:00'"
"760","'?nt'","0","18","'cunme?+s+?ínt'","'tsunme'schint'","''","'taught (he...Indians, human beings, people).'","'vt.'","''","''","null","null","1","'2020-08-14T20:51:58.054+00:00'","'2020-08-14T20:51:58.054+00:00'"
"761","'?nt'","0","19","'sye+cunme?+s+?ínt'","'syetsunme'schint'","''","'teacher (of human beings).'","'n.'","''","''","null","null","1","'2020-08-14T20:51:58.062+00:00'","'2020-08-14T20:51:58.062+00:00'"
"762","'?nt'","0","20","'a+c+pon'e?+mi+s+?ént'","'atspo'ne''mischent'","''","'opportunist. (lit. One who takes advantage of others)'","'n.'","''","''","null","null","1","'2020-08-14T20:51:58.07+00:00'","'2020-08-14T20:51:58.07+00:00'"
"763","'?nt'","0","21","'sux?+s+?ínt'","'sukhwschint'","''","'recognized (He...a human being).'","'vt.'","''","''","null","null","1","'2020-08-14T20:51:58.077+00:00'","'2020-08-14T20:51:58.077+00:00'"
"764","'?nt'","0","22","'e+tem+n+es=?ínt'","'etemneschint'","''","'convivial. (lit. He treats others sociably)'","'vt., adj.'","''","':'","null","null","1","'2020-08-14T20:51:58.088+00:00'","'2020-08-14T20:51:58.088+00:00'"
"765","'?nt'","0","23","'elu+s+temn+es+?ínt'","'elustemneschint'","''","'cantankerous, perverse (disposition), unfriendly, unsociable. (lit. One who is not sociable)'","'adj.'","''","':'","null","null","1","'2020-08-14T20:51:58.098+00:00'","'2020-08-14T20:51:58.098+00:00'"
"766","'?nt'","0","24","'s+t+k?el'+?s+x?y+s+?ínt'","'stkwe'lchskhuyschint'","''","'people (He is going about visiting...), gathering (He is going about...people).'","'n., vt.'","''","''","null","null","1","'2020-08-14T20:51:58.107+00:00'","'2020-08-14T20:51:58.107+00:00'"
"767","'?nt'","0","25","'s+g?i?+s+?ínt'","'sgwichschint'","''","'seeing people.'","'n.'","''","''","null","null","1","'2020-08-14T20:51:58.118+00:00'","'2020-08-14T20:51:58.118+00:00'"
"768","'?nt'","0","26","'g?n+es+?ínt'","'gwneschint'","''","'convoke, summoned. (lit. H/s called people together)'","'vt.'","''","''","null","null","1","'2020-08-14T20:51:58.134+00:00'","'2020-08-14T20:51:58.134+00:00'"
"769","'?nt'","0","27","'s+l?'+me+s+?ínt'","'slch'meschint'","''","'coercion. (lit. compelling people to do things)'","'n.'","''","''","null","null","1","'2020-08-14T20:51:58.138+00:00'","'2020-08-14T20:51:58.138+00:00'"
"770","'?nt'","0","28","'s+pute?+s+?ínt'","'spute'schint'","''","'curtsy, bow. (lit. showing respect for a person)'","'n.'","''","''","null","null","1","'2020-08-14T20:51:58.147+00:00'","'2020-08-14T20:51:58.147+00:00'"
"771","'?nt'","0","29","'s+?n[t]+coc'","'Schntsots'","''","'Canada, British. (Canada (lit. Indian (or peo­ple) of George)'","'adj.'","''","':'","null","null","1","'2020-08-14T20:51:58.159+00:00'","'2020-08-14T20:51:58.159+00:00'"
"772","'?nt'","0","30","'g?? s+?in[t]+cóc'","'gu? schintsots'","''","'Angles. (lit. King George men'","'n.'","''","''","null","null","1","'2020-08-14T20:51:58.168+00:00'","'2020-08-14T20:51:58.168+00:00'"
"773","'?nt'","0","31","'ul s+?in[t]+cóc'","'ul schintsots'","''","'Anglican. (lit. pertaining to King George's men)'","'n.'","''","''","null","null","1","'2020-08-14T20:51:58.174+00:00'","'2020-08-14T20:51:58.174+00:00'"
"774","'?nt'","0","32","'ul s+?en[t]+cóc ha s+q'?enp''","'ul schentsots ha sq'wenp''","''","'sunset (Canadian...).'","'n.'","''","''","null","null","1","'2020-08-14T20:51:58.185+00:00'","'2020-08-14T20:51:58.185+00:00'"
"775","'?nt'","0","33","'elu+s+x?em=ín? e s+?in[t]+coc'","'elusqheminch e Schntsots'","''","'Anglophobe.'","'n.'","''","''","null","null","1","'2020-08-14T20:51:58.19+00:00'","'2020-08-14T20:51:58.19+00:00'"
"776","'?nt'","0","34","'n+[?]i?+s?ín+n'","'ni?schinn'","''","'cannibalism.'","'n.'","''","''","null","null","1","'2020-08-14T20:51:58.201+00:00'","'2020-08-14T20:51:58.201+00:00'"
"777","'?nt'","0","35","'x?em=en?+es+?ínt'","'qhemencheschint'","''","'Indian?lover. (lit. one who loves Indians)'","'n.'","''","''","null","null","1","'2020-08-14T20:51:58.205+00:00'","'2020-08-14T20:51:58.205+00:00'"
"778","'?nt'","0","36","'s+taq+aq+nu+s+?ínt'","'staqaqnuschint'","''","'chicanery, deception. (lit. deceiving people)'","'n.'","''","''","null","null","1","'2020-08-14T20:51:58.211+00:00'","'2020-08-14T20:51:58.211+00:00'"
"779","'?nt'","0","37","'s+myes+taq+aq+nu+s+?ínt'","'smyestaqaqnuschint'","''","'coup, deception (extraordinary...).'","'n.'","''","''","null","null","1","'2020-08-14T20:51:58.219+00:00'","'2020-08-14T20:51:58.219+00:00'"
"780","'?nt'","0","38","'n+?uk?+s+?ín+n'","''nukwschinn'","''","'cab, bus, coach, taxicab. (bus, cab, coach (lit. vehicle for carrying passengers)'","'n.'","''","''","null","null","1","'2020-08-14T20:51:58.227+00:00'","'2020-08-14T20:51:58.227+00:00'"
"781","'?n''","1","1","'?en''","'che'n'","'?'","'take hold of large object.'","'vt.'","''","''","null","null","1","'2020-08-14T20:51:58.233+00:00'","'2020-08-14T20:51:58.233+00:00'"
"782","'?n''","1","2","'?en'+m'","'che'nm'","''","'grasp.'","'vi.'","''","''","null","null","1","'2020-08-14T20:51:58.237+00:00'","'2020-08-14T20:51:58.237+00:00'"
"783","'?n''","1","3","'?en'+n'","'che'nn'","''","'held, pinned.'","'vi.'","''","''","null","null","1","'2020-08-14T20:51:58.245+00:00'","'2020-08-14T20:51:58.245+00:00'"
"784","'?n''","1","4","'?en'+?e?'","'che'nshesh'","''","'aid, assistant, assist, boost, help.  (lit. take hold for someone)'","'v., vi.'","''","''","null","null","1","'2020-08-14T20:51:58.253+00:00'","'2020-08-14T20:51:58.253+00:00'"
"785","'?n''","1","5","'s+?en'+?e?'","'sche'nshesh'","''","'aid, assistance, help.'","'n.'","''","''","null","null","1","'2020-08-14T20:51:58.257+00:00'","'2020-08-14T20:51:58.257+00:00'"
"786","'?n''","1","6","'s+t+?én'+?n'+m'","'stche'nch'nm'","''","'dependence. (lit. holding on)'","'n.'","''","''","null","null","1","'2020-08-14T20:51:58.263+00:00'","'2020-08-14T20:51:58.263+00:00'"
"787","'?n''","1","7","'?n'+?i·+cútn'","'ch'nshiitsutn'","''","'accompanist, aide de camp, aide, assistant. (lit. m.o. helping one­self)'","'n.'","''","''","null","null","1","'2020-08-14T20:51:58.272+00:00'","'2020-08-14T20:51:58.272+00:00'"
"788","'?n''","1","8","'s+t+?n'+n'+útm'","'stch'n'nutm'","''","'dependability. (lit. state of being worthy of holding on to)'","'n.'","''","''","null","null","1","'2020-08-14T20:51:58.277+00:00'","'2020-08-14T20:51:58.277+00:00'"
"789","'?n''","1","9","'t+?én'+?n'+m'","'tche'nch'nm'","''","'cling. (lit. He held fast to something physically or emotionally)'","'vi.'","''","''","null","null","1","'2020-08-14T20:51:58.288+00:00'","'2020-08-14T20:51:58.288+00:00'"
"790","'?n''","1","10","'u?+t+?én'+?n'+m''","'u'tche'nch'n'm'","''","'depend. (lit. He just holds on to him, He habitually depends upon him)'","'vi.'","''","''","null","null","1","'2020-08-14T20:51:58.295+00:00'","'2020-08-14T20:51:58.295+00:00'"
"791","'?n''","1","11","'sye·+?én'+?e?'","'syeeche'nshesh'","''","'aide, butler.'","'n.'","''","''","null","null","1","'2020-08-14T20:51:58.308+00:00'","'2020-08-14T20:51:58.308+00:00'"
"792","'?n''","1","12","'s+t+?n'=qín''","'stch'nqi'n'","'//'","'holding the steering wheel.'","'vt.'","''","''","null","null","1","'2020-08-14T20:51:58.314+00:00'","'2020-08-14T20:51:58.314+00:00'"
"793","'?n''","1","13","'s+t+?n'=ápala?=qn'","'stch'napala'qn'","''","'steering (a horse).'","'vt.'","''","''","null","null","1","'2020-08-14T20:51:58.325+00:00'","'2020-08-14T20:51:58.325+00:00'"
"794","'?n''","1","14","'sya+?s+?n'=qín'","'syachsch'nqin'","''","'chauffeur, coachman. (lit. One who holds the head (tip) of the tail (steering wheel)'","'n.'","''","''","null","null","1","'2020-08-14T20:51:58.339+00:00'","'2020-08-14T20:51:58.339+00:00'"
"795","'?n''","1","15","'s+t+?n'=ípele?+n'","'stch'nipele'n'","''","'broomstick. (lit. handle)'","'n.'","''","''","null","null","1","'2020-08-14T20:51:58.344+00:00'","'2020-08-14T20:51:58.344+00:00'"
"796","'?n''","1","16","'s+?n'??ít=ew'es'","'sch'nshite'wes'","''","'alliance, confederacy, league, union. (confederation, union (lit. upholding one another)'","'n.'","''","''","null","null","1","'2020-08-14T20:51:58.356+00:00'","'2020-08-14T20:51:58.356+00:00'"
"797","'?n''","1","17","'?n'??it'","'ch'nshit'","'?'","'help. (lit. Help h/h !)'","'imper.'","''","''","null","null","1","'2020-08-14T20:51:58.365+00:00'","'2020-08-14T20:51:58.365+00:00'"
"798","'?n''","1","18","'?en'?n'","'che'nn'","''","'held, pinned (lit. I held it, I pinned him).'","'vi.'","''","''","null","null","1","'2020-08-14T20:51:58.37+00:00'","'2020-08-14T20:51:58.37+00:00'"
"799","'?n''","1","19","'?n'??ít?n'","'ch'nshitn'","''","'helped (I...him). (lit. I held some­thing for him)'","'vt.'","''","''","null","null","1","'2020-08-14T20:51:58.376+00:00'","'2020-08-14T20:51:58.376+00:00'"
"800","'?n''","1","20","'?n'-?ít?ulm?n'","'ch'nshitulmn'","''","'I helped you (pl.).'","'vt.'","''","''","null","null","1","'2020-08-14T20:51:58.388+00:00'","'2020-08-14T20:51:58.388+00:00'"
"801","'?n''","1","21","'?n'??ít?n?l?'","'ch'nshitnlsh'","''","'helped (I...them).'","'vt.'","''","''","null","null","1","'2020-08-14T20:51:58.395+00:00'","'2020-08-14T20:51:58.395+00:00'"
"802","'?n''","1","22","'?n'??ít?s?n'","'ch'nshitsn'","''","'helped (I...you (sg.(.'","'vt.'","''","''","null","null","1","'2020-08-14T20:51:58.4+00:00'","'2020-08-14T20:51:58.4+00:00'"
"803","'?n''","1","23","'ne?+?n'??ít?se?x?'","'ne'ch'nshitsekhw'","''","'help (Please...me). (lit. You (sg.) are to help me)'","'v.'","''","''","null","null","1","'2020-08-14T20:51:58.403+00:00'","'2020-08-14T20:51:58.403+00:00'"
"804","'?n''","1","24","'?en'?nt?s'","'che'nnts'","''","'pinned. (lit. he pinned him)'","'vi.'","''","''","null","null","1","'2020-08-14T20:51:58.408+00:00'","'2020-08-14T20:51:58.408+00:00'"
"805","'?n''","1","25","'?n'??ít?s'","'ch'nshits'","''","'aided (he...him), assist (to...). (lit. he helped for him)'","'vi.'","''","''","null","null","1","'2020-08-14T20:51:58.416+00:00'","'2020-08-14T20:51:58.416+00:00'"
"806","'?n''","1","26","'?n'-?ít?se?s'","'ch'nshitses'","''","'gloss?? He (sg.) helped me.'","'vt.'","''","''","null","null","1","'2020-08-14T20:51:58.419+00:00'","'2020-08-14T20:51:58.419+00:00'"
"808","'?n''","1","28","'hn+?n'+n'+m+e?+i·c+pú?s'","'hnch'n'nme?iitspu's'","''","'come. (lit. his heart came back to its own position)'","'vt.'","''","''","null","null","1","'2020-08-14T20:51:58.429+00:00'","'2020-08-14T20:51:58.429+00:00'"
"809","'?n''","2","1","'?en'+u??'","'che'nu'sh'","'?'","'wish.'","'vt.'","''","''","null","null","1","'2020-08-14T20:51:58.439+00:00'","'2020-08-14T20:51:58.439+00:00'"
"810","'?n''","2","2","'?en'+u??+?n??én+n'","'che'nu'shchnshenn'","''","'desire I work.'","'vt.'","''","''","null","null","1","'2020-08-14T20:51:58.451+00:00'","'2020-08-14T20:51:58.451+00:00'"
"811","'?n''","2","3","'?en'+u??+???én+n'","'che'nu'shchshenn'","''","'desire we work.'","'vt.'","''","''","null","null","1","'2020-08-14T20:51:58.456+00:00'","'2020-08-14T20:51:58.456+00:00'"
"812","'?n''","2","4","'?en'+u??+k?u·??én+n'","'che'nu'shkuushenn'","''","'desire you (s) works.'","'vt.'","''","''","null","null","1","'2020-08-14T20:51:58.463+00:00'","'2020-08-14T20:51:58.463+00:00'"
"813","'?n''","2","5","'?en'+u??+k?up??én+n'","'che'nu'shkupshenn'","''","'desire you (pl) work.'","'vt.'","''","''","null","null","1","'2020-08-14T20:51:58.472+00:00'","'2020-08-14T20:51:58.472+00:00'"
"814","'?n''","2","6","'?en'+u??+?én+n'","'che'nu'shshenn'","''","'desire h/s works.'","'vt.'","''","''","null","null","1","'2020-08-14T20:51:58.477+00:00'","'2020-08-14T20:51:58.477+00:00'"
"815","'?n''","2","7","'?en'+u??+?en+n+l?'","'che'nu'shshennlsh'","''","'desire they work.'","'vt.'","''","''","null","null","1","'2020-08-14T20:51:58.488+00:00'","'2020-08-14T20:51:58.488+00:00'"
"816","'?n'x?'","0","1","'?en'x?'","'che'nkhw'","'?'","'contact (come in contact with), touched. (lit. to be touched)'","'vi.'","''","''","null","null","1","'2020-08-14T20:51:58.494+00:00'","'2020-08-14T20:51:58.494+00:00'"
"817","'?n'x?'","0","2","'et+?n'x?=íw'es'","'etch'nkhwi'wes'","'//'","'contiguous, touching. (lit. They have common boundary)'","'adj.'","''","':'","null","null","1","'2020-08-14T20:51:58.51+00:00'","'2020-08-14T20:51:58.51+00:00'"
"818","'?n'x?'","0","3","'s+?n'x?=íw'es'","'sch'nkhwi'wes'","''","'contact. (lit. a touching together)'","'n.'","''","''","null","null","1","'2020-08-14T20:51:58.521+00:00'","'2020-08-14T20:51:58.521+00:00'"
"819","'?p'","0","1","'?ip'","'chip'","'?'","'soften.'","'stem vi.'","''","''","null","null","1","'2020-08-14T20:51:58.535+00:00'","'2020-08-14T20:51:58.535+00:00'"
"820","'?p'","0","2","'?+?ip'","'chchip'","''","'satin?like. (lit. soft and smooth)'","'adj.'","''","':'","null","null","1","'2020-08-14T20:51:58.551+00:00'","'2020-08-14T20:51:58.551+00:00'"
"821","'?p'","0","3","'u ?+?í·p'","'uchchiiip!'","''","'nice (it is...and soft), be unexpectedly soft.'","'adj.'","''","':'","null","null","1","'2020-08-14T20:51:58.556+00:00'","'2020-08-14T20:51:58.556+00:00'"
"822","'?p'","0","4","'s+?+?í·p'","'schchiiip!'","''","'is (it...nice and soft).'","'vi.'","''","''","null","null","1","'2020-08-14T20:51:58.566+00:00'","'2020-08-14T20:51:58.566+00:00'"
"823","'?p'","0","5","'?ip+emn'","'chipemn'","''","'cushion, pillow. (lit. softener)'","'n.'","''","''","null","null","1","'2020-08-14T20:51:58.57+00:00'","'2020-08-14T20:51:58.57+00:00'"
"824","'?p'","0","6","'?p=qín+n'","'chpqinn'","'//'","'fur, hair. (lit. head cushion)'","'n.'","''","''","null","null","1","'2020-08-14T20:51:58.575+00:00'","'2020-08-14T20:51:58.575+00:00'"
"825","'?p'","0","7","'?p=qin+n'","'chpqinn'","''","'hair. (lit. head softener)'","'n.'","''","''","null","null","1","'2020-08-14T20:51:58.581+00:00'","'2020-08-14T20:51:58.581+00:00'"
"826","'?p'","0","8","'hn+?+?í·p=cn''","'hnchchiiiptsn''","''","'blarney. (lit. He spoke softly, smoothly)'","'n.'","''","''","null","null","1","'2020-08-14T20:51:58.591+00:00'","'2020-08-14T20:51:58.591+00:00'"
"827","'?p'","0","9","'s+n+?+?íp=cn''","'snchchipts'n'","''","'diplomacy. (lit. smoothness of talk)'","'n.'","''","''","null","null","1","'2020-08-14T20:51:58.6+00:00'","'2020-08-14T20:51:58.6+00:00'"
"828","'?p'","0","10","'u+n+?+?íp=cn''","'unchchipts'n'","''","'affable, diplomatic. (lit. He is soft (cour­teous) in speech'","'adj.'","''","':'","null","null","1","'2020-08-14T20:51:58.605+00:00'","'2020-08-14T20:51:58.605+00:00'"
"829","'?p'","0","11","'u+x??al'+á ?p=qín+n'","'uqhwa'la chpqinn'","'§'","'capillary. (lit. It resembles hair)'","'n.'","''","''","null","null","1","'2020-08-14T20:51:58.614+00:00'","'2020-08-14T20:51:58.614+00:00'"
"830","'?p'","0","12","'s+k'?l'+?+?p=qín+n'","'sk'u'l?chpqinn'","''","'wig. (lit. artificial hair)'","'n.'","''","''","null","null","1","'2020-08-14T20:51:58.621+00:00'","'2020-08-14T20:51:58.621+00:00'"
"831","'?px?'","0","1","'?epx?'","'chepkhw'","'?'","'Snap (body) with finger.'","'vt.'","''","''","null","null","1","'2020-08-14T20:51:58.626+00:00'","'2020-08-14T20:51:58.626+00:00'"
"832","'?s'","1","1","'?is'","'chis'","'?'","'cheese.'","'n.'","''","''","null","null","1","'2020-08-14T20:51:58.636+00:00'","'2020-08-14T20:51:58.636+00:00'"
"833","'?s'","1","2","'u· péq he ?is'","'uupeq he chis'","'§'","'cottage cheese. (lit. white cheese)'","'n.'","''","''","null","null","1","'2020-08-14T20:51:58.644+00:00'","'2020-08-14T20:51:58.644+00:00'"
"834","'?s'","2","1","'e+?ís+t+m'","'echistm'","'?'","'bawl out, berate, rebuke. (lit. He was rebuked harshly) // ?is=cn He spoke a long time. (chistsn vt.)'","'vi.'","''","''","null","null","1","'2020-08-14T20:51:58.65+00:00'","'2020-08-14T20:51:58.65+00:00'"
"835","'?stq'","0","1","'?(=)astq'","'chastq'","'?'","'dig (roots, camas).'","'vi.'","''","''","null","null","1","'2020-08-14T20:51:58.654+00:00'","'2020-08-14T20:51:58.654+00:00'"
"836","'?stq'","0","2","'i· ?á(=)stq'","'iichastq'","''","'She is digging roots.'","'vt.'","''","''","null","null","1","'2020-08-14T20:51:58.659+00:00'","'2020-08-14T20:51:58.659+00:00'"
"837","'?stq'","0","3","'s+?a(=)stq'","'schastq'","''","'to die roots, digging.'","'n.'","''","''","null","null","1","'2020-08-14T20:51:58.665+00:00'","'2020-08-14T20:51:58.665+00:00'"
"838","'?stq'","0","4","'s+t+?á(=) stq+n'","'stchastqn'","''","'time of year for digging camas.'","'adv.'","''","''","null","null","1","'2020-08-14T20:51:58.675+00:00'","'2020-08-14T20:51:58.675+00:00'"
"839","'?stq'","0","5","'yuq?+e?+s+?á(=)stq'","'yuqwe'schastq'","'§'","'She pretended (to go) digging roots.'","'v.'","''","''","null","null","1","'2020-08-14T20:51:58.683+00:00'","'2020-08-14T20:51:58.683+00:00'"
"840","'??'","1","1","'?e?'","'chesh'","'?'","'accompany.'","'vt.'","''","''","null","null","1","'2020-08-14T20:51:58.69+00:00'","'2020-08-14T20:51:58.69+00:00'"
"841","'??'","1","2","'?e?+n'","'cheshn'","''","'accompanied (he...).'","'vt.'","''","''","null","null","1","'2020-08-14T20:51:58.696+00:00'","'2020-08-14T20:51:58.696+00:00'"
"842","'??'","1","3","'s+?é?+n'","'scheshn'","''","'concurrence, consent. (lit. going along)'","'n.'","'[see also ?'?]'","''","null","null","1","'2020-08-14T20:51:58.705+00:00'","'2020-08-14T20:51:58.705+00:00'"
"843","'??'","2","1","'s+?i?+t'","'schisht'","'?'","'dimension, length.'","'n.'","''","''","null","null","1","'2020-08-14T20:51:58.713+00:00'","'2020-08-14T20:51:58.713+00:00'"
"844","'?t'","0","1","'?et?nt?s'","'chetnts'","'?'","'leaned (lit. he stood up by a person loose ? someone to lean on).'","'vi.'","''","''","null","null","1","'2020-08-14T20:51:58.726+00:00'","'2020-08-14T20:51:58.726+00:00'"
"845","'?tm'","0","1","'?tim+n'","'chtimn'","'?'","'blame.'","'v.'","''","''","null","null","1","'2020-08-14T20:51:58.737+00:00'","'2020-08-14T20:51:58.737+00:00'"
"846","'?tm'","0","2","'?tím+n'","'chtimn'","''","'blamed.'","'vt.'","''","''","null","null","1","'2020-08-14T20:51:58.749+00:00'","'2020-08-14T20:51:58.749+00:00'"
"847","'?tm'","0","3","'s+?tim+m'","'schtimm'","''","'blame, blaming.'","'n., vt.'","''","''","null","null","1","'2020-08-14T20:51:58.757+00:00'","'2020-08-14T20:51:58.757+00:00'"
"848","'?tm'","0","4","'s+?tím+n'","'schtimn'","''","'blame, criticism, default.'","'n.'","''","''","null","null","1","'2020-08-14T20:51:58.77+00:00'","'2020-08-14T20:51:58.77+00:00'"
"849","'?tm'","0","5","'ul s+?tím+n'","'ul schtimn'","''","'critical. (lit. belonging to criticism)'","'adj.'","''","':'","null","null","1","'2020-08-14T20:51:58.774+00:00'","'2020-08-14T20:51:58.774+00:00'"
"850","'?tm'","0","6","'?tim+un+útm'","'chtimnutm'","''","'blameworthy (it is...), culpable.'","'adj.'","''","':'","null","null","1","'2020-08-14T20:51:58.783+00:00'","'2020-08-14T20:51:58.783+00:00'"
"851","'?tm'","0","7","'?+tím?n'","'chtimn'","'?'","'accuse. (lit. I accused him)'","'vt.'","''","''","null","null","1","'2020-08-14T20:51:58.787+00:00'","'2020-08-14T20:51:58.787+00:00'"
"852","'?tm'","0","8","'?tím?nt?s'","'chtimnts'","''","'criminate, criticize. (lit. He accused him of a crime/He found fault with him)'","'vt.'","''","''","null","null","1","'2020-08-14T20:51:58.793+00:00'","'2020-08-14T20:51:58.793+00:00'"
"853","'?tm'","0","9","'?tem+tem+núl'","'chtemtemnul'","''","'captious (he is...). (lit. He is marked by a disposition to find fault)'","'vi.'","''","''","null","null","1","'2020-08-14T20:51:58.803+00:00'","'2020-08-14T20:51:58.803+00:00'"
"854","'?tm'","0","10","'elu+s+?tím+m'","'eluschtimm'","'§'","'to be blameless, innocent.'","'adj.'","''","':'","null","null","1","'2020-08-14T20:51:58.808+00:00'","'2020-08-14T20:51:58.808+00:00'"
"855","'?t''","0","1","'s+?i·t'=í??n'","'schiit'i'chn'","'?'","'east.'","'n.'","''","''","null","null","1","'2020-08-14T20:51:58.816+00:00'","'2020-08-14T20:51:58.816+00:00'"
"856","'?t''","0","2","'s+?i·t'=í??'","'schiit'i'ch'","''","'sunrise. (lit. coming from the east)'","'n.'","''","''","null","null","1","'2020-08-14T20:51:58.819+00:00'","'2020-08-14T20:51:58.819+00:00'"
"857","'?t''","0","3","'te? s+?i·t'=í??n'","'tech schiit'i'chn'","'§'","'Eastern. (lit. situated toward the part of the earth which is toward the sunrise (rising this way)'","'adj.'","''","':'","null","null","1","'2020-08-14T20:51:58.823+00:00'","'2020-08-14T20:51:58.823+00:00'"
"858","'?w''","0","1","'?ew'+t'","'che'wt'","'?'","'circumference. (lit. it is big in circum­ference)'","'n.'","''","''","null","null","1","'2020-08-14T20:51:58.831+00:00'","'2020-08-14T20:51:58.831+00:00'"
"859","'?w''","0","2","'k?u?n+?áw'=qn'","'kuncha'wqn'","'//'","'You (sg.) have a deep voice.'","'vt.'","''","''","null","null","1","'2020-08-14T20:51:58.837+00:00'","'2020-08-14T20:51:58.837+00:00'"
"860","'?w''","0","3","'k?up?g?t+n+?áw'=qn'","'kupgutncha'wqn'","''","'You (pl.) have deep voices.'","'vt.'","''","''","null","null","1","'2020-08-14T20:51:58.841+00:00'","'2020-08-14T20:51:58.841+00:00'"
"861","'?w''","0","4","'g??+n+?áw'=qn'","'gu?ncha'wqn'","''","'voices (They have deep...).'","'n.'","''","''","null","null","1","'2020-08-14T20:51:58.853+00:00'","'2020-08-14T20:51:58.853+00:00'"
"862","'?w''","0","5","'?aw'n'+? a·c+?ax?al'","'cha'w'nsh aats'aqhal'","'§'","'amen (lit. would that it be so).'","'interj.'","'[xref ?'w']'","''","null","null","1","'2020-08-14T20:51:58.859+00:00'","'2020-08-14T20:51:58.859+00:00'"
"863","'?y'","0","1","'?ay'","'chay'","'?'","'enduring, firm, solid. (lit. one is enduring)'","'adj., vi.'","''","''","null","null","1","'2020-08-14T20:51:58.869+00:00'","'2020-08-14T20:51:58.869+00:00'"
"865","'?y'","0","3","'?ay+p'","'chay(?p'","''","'hard (to be...)'","'vi.'","''","''","null","null","1","'2020-08-14T20:51:58.885+00:00'","'2020-08-14T20:51:58.885+00:00'"
"866","'?y'","0","4","'?ay+p'","'chayp'","''","'dryness, hard (to become), hard, hardened (be...). (lit. It became hard by dryness)'","'stem adj., vi.'","''","''","null","null","1","'2020-08-14T20:51:58.889+00:00'","'2020-08-14T20:51:58.889+00:00'"
"867","'?y'","0","5","'s+?ay+p'","'schayp'","''","'bone?dry. (lit. that which is hard from dryness)'","'adj.'","''","':'","null","null","1","'2020-08-14T20:51:58.901+00:00'","'2020-08-14T20:51:58.901+00:00'"
"868","'?y'","0","6","'s+?i+?áy'+p'","'schicha'yp'","''","'meat (dried...).'","'n.'","''","''","null","null","1","'2020-08-14T20:51:58.905+00:00'","'2020-08-14T20:51:58.905+00:00'"
"869","'?y'","0","7","'s+?+?ay'+p'","'schcha'yp'","''","'dried meat.'","'n.'","''","''","null","null","1","'2020-08-14T20:51:58.918+00:00'","'2020-08-14T20:51:58.918+00:00'"
"870","'?y'","0","8","'s+?+?áy'+p'","'schcha'yp'","''","'chipped beef.'","'n.'","''","''","null","null","1","'2020-08-14T20:51:58.929+00:00'","'2020-08-14T20:51:58.929+00:00'"
"871","'?y'","0","9","'t+?áy+p=cn'","'tchayptsn'","'//'","'agape. (lit. His mouth became hard)'","'adj.'","''","':'","null","null","1","'2020-08-14T20:51:58.934+00:00'","'2020-08-14T20:51:58.934+00:00'"
"872","'?y'","0","10","'ut+?áy=c'e?'","'utchayts'e'","''","'crusty. (lit. It is hard on the surface)'","'adj.'","''","':'","null","null","1","'2020-08-14T20:51:58.947+00:00'","'2020-08-14T20:51:58.947+00:00'"
"873","'?y'","0","11","'s+?+?áy'+p he s+m?í?'","'schcha'yp he sm?ich'","'§'","'dried salmon.'","'n.'","''","''","null","null","1","'2020-08-14T20:51:58.96+00:00'","'2020-08-14T20:51:58.96+00:00'"
"874","'?y?'","0","1","'?+?ey'e?'","'chche'ye''","'?'","'grandmother (maternal)'","''","''","''","null","null","1","'2020-08-14T20:51:58.969+00:00'","'2020-08-14T20:51:58.969+00:00'"
"875","'??'","0","1","'?e+?a?'","'checha('","'?'","'cylindrical, slender.'","'adj.'","''","':'","null","null","1","'2020-08-14T20:51:58.976+00:00'","'2020-08-14T20:51:58.976+00:00'"
"876","'??'","0","2","'?+?a?+t'","'chcha(t'","''","'cylindrical, slender, hair?like. (lit. it is slender and cylindrical, e.g. a stem/ fine and slender)'","'vi., adj.'","''","':'","null","null","1","'2020-08-14T20:51:58.984+00:00'","'2020-08-14T20:51:58.984+00:00'"
"877","'??'","0","3","'?e+?a?=al'q?'","'checha(a'lqw'","'//'","'thin (lit. he is thin).'","'adj.'","''","':'","null","null","1","'2020-08-14T20:51:58.988+00:00'","'2020-08-14T20:51:58.988+00:00'"
"878","'??'","0","4","'?+?a?=al'q?'","'chcha(a'lqw'","''","'lean, skinny, slender, trim (to be thin). ripple.'","'adj., vi.'","''","''","null","null","1","'2020-08-14T20:51:59.005+00:00'","'2020-08-14T20:51:59.005+00:00'"
"879","'??'","0","5","'hn+?+?a?=i?c'e?'","'hnchcha(i?t'se''","''","'tube, narrow. (tube. (lit. It has a very small internal diameter)'","'adj.'","''","':'","null","null","1","'2020-08-14T20:51:59.019+00:00'","'2020-08-14T20:51:59.019+00:00'"
"880","'??'","1","1","'?i?'","'chi''","'?'","'open, uncover, unveil. (lit. to open)'","'adj.'","''","':'","null","null","1","'2020-08-14T20:51:59.024+00:00'","'2020-08-14T20:51:59.024+00:00'"
"881","'??'","1","2","'e+?s+n+?íy'=ep'","'echsnchi'yep'","'//'","'open. (lit. The door, gate is open)'","'adj.'","':[also recorded as ?y']'","''","null","null","1","'2020-08-14T20:51:59.035+00:00'","'2020-08-14T20:51:59.035+00:00'"
"882","'??'","1","3","'en+?í?=us'","'enchi'us'","''","'open (to be...). (referring to window)'","'adj.'","''","':'","null","null","1","'2020-08-14T20:51:59.039+00:00'","'2020-08-14T20:51:59.039+00:00'"
"883","'??'","1","4","'?et+?e?=in??nt?s'","'chetche'in'nts'","'?'","'reveal, disclose, uncover.'","'vi.'","''","''","null","null","1","'2020-08-14T20:51:59.047+00:00'","'2020-08-14T20:51:59.047+00:00'"
"884","'??'","1","5","'e ?et+?e?=íne??stu?s'","'echetche'ine'stus'","''","'uncover, unveil, divulge. (lit. H/s uncovers it)'","'vt.'","''","''","null","null","1","'2020-08-14T20:51:59.053+00:00'","'2020-08-14T20:51:59.053+00:00'"
"885","'??'","2","1","'hi+?e?'","'hiche''","'?'","'where?.'","'interrogative'","''","''","null","null","1","'2020-08-14T20:51:59.058+00:00'","'2020-08-14T20:51:59.058+00:00'"
"886","'??'","2","2","'?e??k?u?s+te·?í+?e?'","'che?kusteechiche'?'","''","'(lit. Where are you(s) going?).'","'vt.'","''","''","null","null","1","'2020-08-14T20:51:59.068+00:00'","'2020-08-14T20:51:59.068+00:00'"
"887","'??'","3","1","'es+?í+?e?'","'eschiche''","'?'","'livestock.'","'n.'","''","''","null","null","1","'2020-08-14T20:51:59.078+00:00'","'2020-08-14T20:51:59.078+00:00'"
"888","'??'","3","2","'es+?i+?e?'","'eschiche''","''","'horse, mount.'","'n.'","''","''","null","null","1","'2020-08-14T20:51:59.083+00:00'","'2020-08-14T20:51:59.083+00:00'"
"889","'??'","3","3","'n'+s+?í+?e?+n'","''nschiche'n'","''","'barn. (lit. building for horses)'","'n.'","''","''","null","null","1","'2020-08-14T20:51:59.087+00:00'","'2020-08-14T20:51:59.087+00:00'"
"890","'??'","3","4","'*k'?u?+s+?í+?e?'","'k'ut'lschiche''","'§'","'H/S loaned a horse.'","'vt.'","''","''","null","null","1","'2020-08-14T20:51:59.093+00:00'","'2020-08-14T20:51:59.093+00:00'"
"891","'??'","3","5","'?esel'+s+?í+?e?'","'ese'lschiche''","''","'H/s has two horses.'","'vt.'","''","''","null","null","1","'2020-08-14T20:51:59.098+00:00'","'2020-08-14T20:51:59.098+00:00'"
"892","'??'","3","6","'n+?ed=us=el'+s+?Í+?e?'","''neduse'lschiche''","''","'H/S traded horses with another person (sg.).'","'vt.'","''","''","null","null","1","'2020-08-14T20:51:59.105+00:00'","'2020-08-14T20:51:59.105+00:00'"
"893","'??'","3","7","'g?n+el'+s+?i+?e?'","'gwne'lschiche''","''","'(t?) H/s summoned h/h livestock.'","'vt.'","''","''","null","null","1","'2020-08-14T20:51:59.11+00:00'","'2020-08-14T20:51:59.11+00:00'"
"894","'??'","3","8","'s+t+?+?umút=ew'es+n'","'stch'umute'wesn'","''","'cow pony. (saddle pony'","'n.'","''","''","null","null","1","'2020-08-14T20:51:59.12+00:00'","'2020-08-14T20:51:59.12+00:00'"
"895","'??'","3","9","'?ec+el'+s+?í+?e?+n'","'(etse'lschiche'n'","''","'rope. (lit. the means of lassoing a horse)'","'n.'","''","''","null","null","1","'2020-08-14T20:51:59.123+00:00'","'2020-08-14T20:51:59.123+00:00'"
"896","'??'","3","10","'hn+?ac+?ac+el'+s+?í+?e?+n'","'hn(ats(atse'lschiche'n'","''","'corral. (lit. enclosure for lassoing horses)'","'n.'","''","''","null","null","1","'2020-08-14T20:51:59.137+00:00'","'2020-08-14T20:51:59.137+00:00'"
"897","'??'","3","11","'hn+?ec+el'+s+?í+?e?+n'","'hn(etse'lschiche''n'","''","'hitching post.'","'n.'","''","''","null","null","1","'2020-08-14T20:51:59.148+00:00'","'2020-08-14T20:51:59.148+00:00'"
"898","'??'","3","12","'s+q'ey'+al'+s+?í+?e?'","'sq'e'ya'lschiche''","''","'brand. (lit. act of marking ani­mals)'","'n.'","''","''","null","null","1","'2020-08-14T20:51:59.157+00:00'","'2020-08-14T20:51:59.157+00:00'"
"899","'??'","3","13","'sya+dax?+él'+s+?i+?e?'","'syadaqhe'lschiche''","''","'cattle herder.'","'n.'","''","''","null","null","1","'2020-08-14T20:51:59.171+00:00'","'2020-08-14T20:51:59.171+00:00'"
"900","'??'","3","14","'sye+?+?t'+el'+s+?í+?e?'","'syechsht'e'lschiche''","''","'cowboy. (lit. One who tends horses, (livestock, or cattle) for another)'","'n.'","''","''","null","null","1","'2020-08-14T20:51:59.178+00:00'","'2020-08-14T20:51:59.178+00:00'"
"901","'??'","3","15","'ul sye+?+?t'+el'+s+?í+?e?'","'ul syechsht'e'lschiche''","''","'bucolic. (lit. belonging to a cattle herder)'","'adj.'","''","':'","null","null","1","'2020-08-14T20:51:59.184+00:00'","'2020-08-14T20:51:59.184+00:00'"
"902","'??'","3","16","'s+t+g?i?=elx?e?+l+s+?í+?e?'","'stgwishelkhwe'lschiche''","''","'curry. (lit. rubbing down and cleaning a horse)'","'vt.'","''","''","null","null","1","'2020-08-14T20:51:59.188+00:00'","'2020-08-14T20:51:59.188+00:00'"
"903","'??'","3","17","'?em+n+el'+s+?í+?e?'","'emne'lschiche''","''","'feed. (livestock'","'vt.'","''","''","null","null","1","'2020-08-14T20:51:59.201+00:00'","'2020-08-14T20:51:59.201+00:00'"
"904","'??'","3","18","'s+x?[]ey+l'+s+?í+?e?'","'sqhwey'lschiche''","''","'horse (worn out...), plug. (old horse'","'n.'","''","''","null","null","1","'2020-08-14T20:51:59.213+00:00'","'2020-08-14T20:51:59.213+00:00'"
"905","'??'","3","19","'dele[m]+l'e+s+?í+?e?'","'delen'leschiche''","''","'cause. (lit. He caused his horse to gallop)'","'vt.'","''","''","null","null","1","'2020-08-14T20:51:59.22+00:00'","'2020-08-14T20:51:59.22+00:00'"
"906","'??'","3","20","'wl+wlím ha ?ec+el'+s+?í+?e?+n'","'wlwlim ha (etse'lschiche'n'","''","'cable. (lit. metal what is a rope)'","'n.'","''","''","null","null","1","'2020-08-14T20:51:59.229+00:00'","'2020-08-14T20:51:59.229+00:00'"
"907","'??'","3","21","'pulut+l'+s+?í+?e?'","'pulut'lschiche''","''","'He slaughtered livestock.'","'vt.'","''","''","null","null","1","'2020-08-14T20:51:59.235+00:00'","'2020-08-14T20:51:59.235+00:00'"
"908","'??'","3","22","'t'm'+m+?í·?'","'t'm'mchiii!'","''","'caravan. (lit. There goes a single file of many vehicles or pack animals)'","'n.'","''","''","null","null","1","'2020-08-14T20:51:59.239+00:00'","'2020-08-14T20:51:59.239+00:00'"
"909","'???s'","0","1","'?i??es'","'chi'?es'","'?'","'three.'","'n.'","''","''","null","null","1","'2020-08-14T20:51:59.247+00:00'","'2020-08-14T20:51:59.247+00:00'"
"910","'???s'","0","2","'t+?e??ís=elps'","'tche'?iselps'","'//'","'bears (three grizzly...), pigs (three...).'","'n.'","''","''","null","null","1","'2020-08-14T20:51:59.253+00:00'","'2020-08-14T20:51:59.253+00:00'"
"911","'???s'","0","3","'t+?í??es parsón'","'Tchi'?es Parson'","'§'","'Blessed Trinity. (lit. three persons)'","'n.'","''","''","null","null","1","'2020-08-14T20:51:59.257+00:00'","'2020-08-14T20:51:59.257+00:00'"
"912","'???s'","0","4","'?e??e·l+?úpen'","'che'?ee'lupen'","''","'thirty.'","'n.'","''","''","null","null","1","'2020-08-14T20:51:59.268+00:00'","'2020-08-14T20:51:59.268+00:00'"
"913","'???s'","0","5","'?e??e·l+?upn'","'che'?ee'lupn'","''","'thirty. (lit. three times ten)'","'n.'","''","''","null","null","1","'2020-08-14T20:51:59.271+00:00'","'2020-08-14T20:51:59.271+00:00'"
"914","'???s'","0","6","'?upen u? ?í??es'","'upen u? chi'?es'","''","'thirteen.'","'n.'","''","''","null","null","1","'2020-08-14T20:51:59.28+00:00'","'2020-08-14T20:51:59.28+00:00'"
"915","'?'c''","1","1","'e·+?'éc''","'eech'ets''","'?'","'log, pole, rod, stick. (lit. The log/pole/rod/stick lies there)'","'n.'","''","''","null","null","1","'2020-08-14T20:51:59.291+00:00'","'2020-08-14T20:51:59.291+00:00'"
"916","'?'c''","1","2","'e+?'c'+útm'","'Ech'ts'utm'","''","'Monumental Peak. (A ridge in the Clearwater Mountains in the St. Joe Forest east of Clarkia, Idaho'","'n.'","''","''","null","null","1","'2020-08-14T20:51:59.301+00:00'","'2020-08-14T20:51:59.301+00:00'"
"917","'?'c''","1","3","'?'ec'+t=ene?st'","'Ch'ets'tene'st'","'//'","'mountain north of DeSmet (lit. log on rock cliff).'","'n.'","''","''","null","null","1","'2020-08-14T20:51:59.307+00:00'","'2020-08-14T20:51:59.307+00:00'"
"918","'?'c''","1","4","'?'c'=us=e?st'","'ch'ts'use'st'","''","'brink, cliff, bluff, precipice (lit. edge of a 90° angle, rocky cliff).'","'n.'","''","''","null","null","1","'2020-08-14T20:51:59.318+00:00'","'2020-08-14T20:51:59.318+00:00'"
"919","'?'c''","1","5","'s+?'c'=us=e?st'","'sch'ts'use'st'","''","'precipice.'","'n.'","''","''","null","null","1","'2020-08-14T20:51:59.324+00:00'","'2020-08-14T20:51:59.324+00:00'"
"920","'?'c''","2","1","'?'ec''","'ch'ets''","'?'","'gull[i]ble.'","'adj.'","''","':'","null","null","1","'2020-08-14T20:51:59.331+00:00'","'2020-08-14T20:51:59.331+00:00'"
"921","'?'c''","2","2","'s+?'éc'=elt'","'sch'ets'elt'","'//'","'gullible, cat's paw, credulous, dupe. (lit. son or daughter easily deceived)'","'n.'","''","''","null","null","1","'2020-08-14T20:51:59.338+00:00'","'2020-08-14T20:51:59.338+00:00'"
"922","'?'d'","0","1","'?'ed'","'ch'ed'","'?'","'shady (be...).'","'stem vi.'","''","''","null","null","1","'2020-08-14T20:51:59.345+00:00'","'2020-08-14T20:51:59.345+00:00'"
"923","'?'d'","0","2","'?'id'","'ch'id'","''","'shade.'","'n.'","''","''","null","null","1","'2020-08-14T20:51:59.36+00:00'","'2020-08-14T20:51:59.36+00:00'"
"924","'?'d'","0","3","'u·+?'íd'","'uuch'id'","''","'dim. (lit. It is something dark)'","'adj.'","''","':'","null","null","1","'2020-08-14T20:51:59.369+00:00'","'2020-08-14T20:51:59.369+00:00'"
"925","'?'d'","0","4","'?'ed+p'","'ch'edp'","''","'winter (...set in).'","'vi.'","''","''","null","null","1","'2020-08-14T20:51:59.376+00:00'","'2020-08-14T20:51:59.376+00:00'"
"926","'?'d'","0","5","'u+n+?'id'","'unch'id'","''","'shady. (lit. It is shady)'","'adj.'","''","':'","null","null","1","'2020-08-14T20:51:59.391+00:00'","'2020-08-14T20:51:59.391+00:00'"
"927","'?'d'","0","6","'s+?'ed+p'","'sch'edp'","''","'late autumn, fall.'","'n.'","''","''","null","null","1","'2020-08-14T20:51:59.402+00:00'","'2020-08-14T20:51:59.402+00:00'"
"928","'?'d'","0","7","'s+?'e?d'","'sch'e'd'","''","'verge of winter.'","'n.'","''","''","null","null","1","'2020-08-14T20:51:59.407+00:00'","'2020-08-14T20:51:59.407+00:00'"
"929","'?'d'","0","8","'s+?'í?d'","'sch'i'd'","''","'winter (verge of...).'","'n.'","''","''","null","null","1","'2020-08-14T20:51:59.416+00:00'","'2020-08-14T20:51:59.416+00:00'"
"930","'?'d'","0","9","'s+can+?'íd'","'stsanch'id'","''","'shade.'","'n.'","''","''","null","null","1","'2020-08-14T20:51:59.42+00:00'","'2020-08-14T20:51:59.42+00:00'"
"931","'?'d'","0","10","'s+cen+?'íd'","'stsench'id'","''","'shade.'","'n.'","''","''","null","null","1","'2020-08-14T20:51:59.428+00:00'","'2020-08-14T20:51:59.428+00:00'"
"932","'?'g?l'","0","1","'t+?'íg?l'","'tch'igul'","'?'","'clamber. (lit. He climbed)'","'vt.'","''","''","null","null","1","'2020-08-14T20:51:59.434+00:00'","'2020-08-14T20:51:59.434+00:00'"
"933","'?'g?l'","0","2","'t+?'íg?l+n'","'tch'iguln'","''","'step ladder.'","'n.'","''","''","null","null","1","'2020-08-14T20:51:59.443+00:00'","'2020-08-14T20:51:59.443+00:00'"
"934","'?'g?l'","0","3","'s+t+?'íg?l+n'","'stch'iguln'","''","'ladder, stair. (lit. means of climbing)'","'n.'","''","''","null","null","1","'2020-08-14T20:51:59.452+00:00'","'2020-08-14T20:51:59.452+00:00'"
"935","'?'g?l'","0","4","'sye+t+?'íg?l'","'syetch'igul'","''","'climber. (lit. One who climbs)'","'n.'","''","''","null","null","1","'2020-08-14T20:51:59.457+00:00'","'2020-08-14T20:51:59.457+00:00'"
"936","'?'h'","0","1","'?'ih'","'ch'ih'","'?'","'approach, near. (lit. get near)'","'vi.'","''","''","null","null","1","'2020-08-14T20:51:59.463+00:00'","'2020-08-14T20:51:59.463+00:00'"
"937","'?'h'","0","2","'e t+?'íh=et?'","'etch'ihetch'","'//'","'to be right?handed.'","'vi.'","''","''","null","null","1","'2020-08-14T20:51:59.47+00:00'","'2020-08-14T20:51:59.47+00:00'"
"938","'?'h'","0","3","'s+t+?'íh=e?t'","'stch'ihecht'","''","'dextro(o)?, right hand, right?handed (to be...). (dextr(o)?'","'n., vi.'","''","''","null","null","1","'2020-08-14T20:51:59.475+00:00'","'2020-08-14T20:51:59.475+00:00'"
"939","'?'h'","0","4","'?n'?t+?'íh=e?t'","'ch'ntch'ihecht'","''","'(lit. I am right?handed).'","'vt.'","''","''","null","null","1","'2020-08-14T20:51:59.484+00:00'","'2020-08-14T20:51:59.484+00:00'"
"940","'?'hy'","0","1","'s+t+?'i·háy=us'","'stch'iihayus'","'?'","'buttercups.'","'pl.n.'","''","''","null","null","1","'2020-08-14T20:51:59.488+00:00'","'2020-08-14T20:51:59.488+00:00'"
"941","'?'l'","0","1","'?'él+e?'","'ch'ele''","'?'","'cradle board.'","'n.'","''","''","null","null","1","'2020-08-14T20:51:59.497+00:00'","'2020-08-14T20:51:59.497+00:00'"
"942","'?'l'","0","2","'?'el+e?'","'ch'ele''","''","'bark (of a tree), cradleboard.'","'n.'","'[xref ?l?]'","''","null","null","1","'2020-08-14T20:51:59.5+00:00'","'2020-08-14T20:51:59.5+00:00'"
"943","'?'lx?'","0","1","'?'elx?'","'ch'elkhw'","'?'","'(lit. be receptacle with concave surface down).'","'n.'","''","''","null","null","1","'2020-08-14T20:51:59.504+00:00'","'2020-08-14T20:51:59.504+00:00'"
"944","'?'lx?'","0","2","'e· ?'élx?'","'eech'elkhw'","''","'concave. (lit. It is laid with the vaulted side down)'","'adj.'","''","':'","null","null","1","'2020-08-14T20:51:59.511+00:00'","'2020-08-14T20:51:59.511+00:00'"
"945","'?'lx?'","0","3","'hn+?'+?'el'x?=i?n''","'hnch'ch'e'lkhwichn''","'//'","'roof (a car...). (lit. concave form as one's back)'","'n.'","''","''","null","null","1","'2020-08-14T20:51:59.526+00:00'","'2020-08-14T20:51:59.526+00:00'"
"946","'?'lx?'","0","4","'s+?'+?'l'x?=í?x?'","'sch'ch''lkhwi?khw'","''","'tent. (lit. House turned upside down)'","'n.'","''","''","null","null","1","'2020-08-14T20:51:59.532+00:00'","'2020-08-14T20:51:59.532+00:00'"
"947","'?'lx?'","0","5","'s+can+?'lx?=áp=qn'","'stsanch'lkhwapqn'","''","'canope. (lit. vault covering with the concave side over the head)'","'n.'","''","''","null","null","1","'2020-08-14T20:51:59.557+00:00'","'2020-08-14T20:51:59.557+00:00'"
"948","'?'lx?'","0","6","'t+?'lx?=íc'e?+n'","'tch'lkhwits'e'n'","''","'eggshell. (lit. the hard (but brittle) outside covering (as on an egg)'","'n.'","''","''","null","null","1","'2020-08-14T20:51:59.565+00:00'","'2020-08-14T20:51:59.565+00:00'"
"949","'?'lx?'","0","7","'t+?'lx?=íp=?x?'","'tch'lkhwip?khw'","''","'annex. (lit. A building added on to another building)'","'n.'","''","''","null","null","1","'2020-08-14T20:51:59.576+00:00'","'2020-08-14T20:51:59.576+00:00'"
"950","'?'lx?'","0","8","'e ?et+?'lx?=ín'e?'","'echetch'lkhwi'ne''","''","'wagon (covered). (lit. a wagon with an arched cover, tent over it)'","'n.'","''","''","null","null","1","'2020-08-14T20:51:59.587+00:00'","'2020-08-14T20:51:59.587+00:00'"
"951","'?'lx?'","0","9","'?'elx??nt?s'","'ch'elkhwnts'","'?'","'(lit. he lay down something (cup, bowl) upside down).'","'vt.'","''","''","null","null","1","'2020-08-14T20:51:59.601+00:00'","'2020-08-14T20:51:59.601+00:00'"
"952","'?'lx?'","0","10","'t+?'lx?=íc'e?+is x?a s+p'árk'?=alqs'","'tch'lkhwits'e'is khwa sp'ark'walqs'","'§'","'crust. (lit. covering (crust of turtle'","'n.'","''","''","null","null","1","'2020-08-14T20:51:59.608+00:00'","'2020-08-14T20:51:59.608+00:00'"
"953","'?'lx?'","0","1","'hn+?'elax?+emn'","'Hnch'elaqhemn'","'?'","'canyon, Colfax, Washington.'","'n.'","''","''","null","null","1","'2020-08-14T20:51:59.616+00:00'","'2020-08-14T20:51:59.616+00:00'"
"954","'?'l''","1","1","'hn+?'el'e?'","'hnch'e'le''","'?'","'coyote. (Kalispel)'","'n.'","''","''","null","null","1","'2020-08-14T20:51:59.62+00:00'","'2020-08-14T20:51:59.62+00:00'"
"955","'?'l''","1","2","'hn+?'+?'a·l'í'","'Hnch'ch'aa'li'","''","'Little Coyote, a medicine man.'","'n.'","''","''","null","null","1","'2020-08-14T20:51:59.625+00:00'","'2020-08-14T20:51:59.625+00:00'"
"956","'?'l''","2","1","'t+?'l'+el=íne?'","'tch'l'eline''","'?'","'hearing (He has sharp...). (lit. He is alert as to the ears)'","'n.'","''","''","null","null","1","'2020-08-14T20:51:59.634+00:00'","'2020-08-14T20:51:59.634+00:00'"
"957","'?'m'","1","1","'hn+?'m=ip'","'hnch'mip'","'//'","'bottom.'","'n.'","''","''","null","null","1","'2020-08-14T20:51:59.638+00:00'","'2020-08-14T20:51:59.638+00:00'"
"958","'?'m'","1","2","'s+?'m=íp=ens'","'sch'mipens'","''","'chin.'","'n.'","''","''","null","null","1","'2020-08-14T20:51:59.645+00:00'","'2020-08-14T20:51:59.645+00:00'"
"959","'?'m'","1","3","'s+?et+?'ém=cn'","'schetch'emtsn'","''","'upper lip.'","'n.'","''","''","null","null","1","'2020-08-14T20:51:59.652+00:00'","'2020-08-14T20:51:59.652+00:00'"
"960","'?'m'","1","4","'hn+?'em=up'","'hnch'emup'","''","'buttocks.'","'n.'","''","''","null","null","1","'2020-08-14T20:51:59.656+00:00'","'2020-08-14T20:51:59.656+00:00'"
"961","'?'m'","1","5","'s+?et+?'ém+?'m=up+s'","'schetch'emch'mups'","''","'buttocks.'","'n.'","''","''","null","null","1","'2020-08-14T20:51:59.665+00:00'","'2020-08-14T20:51:59.665+00:00'"
"962","'?'m'","1","6","'s+?et+?'m=í?n'=us'","'schetch'mich'nus'","''","'brow, brae. (lit. side of the head)temple'","'n.'","''","''","null","null","1","'2020-08-14T20:51:59.668+00:00'","'2020-08-14T20:51:59.668+00:00'"
"963","'?'m'","1","7","'s+?et+?'m=íl'=us'","'schetch'mi'lus'","''","'forehead.'","'n.'","''","''","null","null","1","'2020-08-14T20:51:59.671+00:00'","'2020-08-14T20:51:59.671+00:00'"
"964","'?'m'","1","8","'s+can+?'m'=ap=qn''","'stsanch''mapq'n'","''","'head (back of...).'","'n.'","''","''","null","null","1","'2020-08-14T20:51:59.681+00:00'","'2020-08-14T20:51:59.681+00:00'"
"965","'?'m'","1","9","'s+ni?+?'m=áw'as=qn'","'sni'ch'ma'wasqn'","''","'chest. (lit. The top of the head)'","'n.'","''","''","null","null","1","'2020-08-14T20:51:59.685+00:00'","'2020-08-14T20:51:59.685+00:00'"
"966","'?'m'","1","10","'s+cen+?'em=cn'","'stsench'emtsn'","''","'neck.'","'n.'","''","''","null","null","1","'2020-08-14T20:51:59.689+00:00'","'2020-08-14T20:51:59.689+00:00'"
"967","'?'m'","1","11","'s+cen+?'ém=us'","'stsench'emus'","''","'cheek.'","'n.'","''","''","null","null","1","'2020-08-14T20:51:59.695+00:00'","'2020-08-14T20:51:59.695+00:00'"
"968","'?'m'","1","12","'s+cen+?'ém+?'m=us'","'stsench'emch'mus'","''","'cheeks.'","'n.'","''","''","null","null","1","'2020-08-14T20:51:59.703+00:00'","'2020-08-14T20:51:59.703+00:00'"
"969","'?'m'","1","13","'s+cen+?'m=cín=?t'","'stsench'mtsincht'","''","'wrist.'","'n.'","''","''","null","null","1","'2020-08-14T20:51:59.718+00:00'","'2020-08-14T20:51:59.718+00:00'"
"970","'?'m'","1","14","'s+cen+?'m+cín=?t'","'stsench'mtsincht'","''","'carpus.'","'n.'","''","''","null","null","1","'2020-08-14T20:51:59.722+00:00'","'2020-08-14T20:51:59.722+00:00'"
"971","'?'m'","1","15","'s+cen+?'m+p'=cín=?t'","'stsench'mp'tsincht'","''","'bracelet.'","'n.'","''","''","null","null","1","'2020-08-14T20:51:59.732+00:00'","'2020-08-14T20:51:59.732+00:00'"
"972","'?'m'","1","16","'ul s+cen+?'m=cín=?t'","'ul stsench'mtsincht'","''","'carpal. (anat.)'","'adj.'","''","':'","null","null","1","'2020-08-14T20:51:59.737+00:00'","'2020-08-14T20:51:59.737+00:00'"
"1448","'g?p'","0","11","'s+t+g?p+t=ós+m=al'qs'","'stguptosma'lqs'","''","'fur coat.'","'n.'","''","''","null","null","1","'2020-08-14T20:52:03.843+00:00'","'2020-08-14T20:52:03.843+00:00'"
"973","'?'m'","1","17","'s+ni?+?'ám=i?qs'","'sni'ch'ami'qs'","''","'nose (surface of the).'","'n.'","''","''","null","null","1","'2020-08-14T20:51:59.743+00:00'","'2020-08-14T20:51:59.743+00:00'"
"974","'?'m'","1","18","'s+ni?+?'m=ús=?n'","'sni'ch'musshn'","''","'clitoris. (lit. surface (covering) of \'small hill\' at upper end of vulva'","'n.'","''","''","null","null","1","'2020-08-14T20:51:59.759+00:00'","'2020-08-14T20:51:59.759+00:00'"
"975","'?'m'","1","19","'s+n+?'ám=alq=?n'","'snch'amalqshn'","''","'crotch. (lit. the surface of fork formed by the junction of legs'","'n.'","''","''","null","null","1","'2020-08-14T20:51:59.768+00:00'","'2020-08-14T20:51:59.768+00:00'"
"976","'?'m'","1","20","'s+n+?'ám+?'m=qn'","'snch'amch'mqn'","''","'apices. (lit. tops of heads)'","'pl.n.'","''","''","null","null","1","'2020-08-14T20:51:59.775+00:00'","'2020-08-14T20:51:59.775+00:00'"
"977","'?'m'","1","21","'s+n+?'ám=qn'","'snch'amqn'","''","'apex. (lit. top of the head)'","'n.'","''","''","null","null","1","'2020-08-14T20:51:59.787+00:00'","'2020-08-14T20:51:59.787+00:00'"
"978","'?'m'","1","22","'hn+?'m=qín=k?e?'","'hnch'mqinkwe''","''","'Coeur d'Alene, Idaho. (lit. water­head)'","'n.'","''","''","null","null","1","'2020-08-14T20:51:59.797+00:00'","'2020-08-14T20:51:59.797+00:00'"
"979","'?'m'","1","23","'s+n+?'m=í?n''","'snch'mich'n'","''","'back, derriere. (lit. surface of the back)'","'n.'","''","''","null","null","1","'2020-08-14T20:51:59.808+00:00'","'2020-08-14T20:51:59.808+00:00'"
"980","'?'m'","1","24","'s+n+?'m=í?n'+s'","'snch'mich'ns'","''","'carapace. (lit. the back of a turtle)'","'n.'","''","''","null","null","1","'2020-08-14T20:51:59.815+00:00'","'2020-08-14T20:51:59.815+00:00'"
"981","'?'m'","1","25","'s+s+?et+?'em=up+s'","'sschetch'emups'","''","'buttocks, breech, hind end.'","'n.'","''","''","null","null","1","'2020-08-14T20:51:59.819+00:00'","'2020-08-14T20:51:59.819+00:00'"
"982","'?'m'","1","26","'s+t+?'ám=alq=?n'","'stch'amalqshn'","''","'calf. (lit. surface of the leg)'","'n.'","''","''","null","null","1","'2020-08-14T20:51:59.825+00:00'","'2020-08-14T20:51:59.825+00:00'"
"983","'?'m'","1","27","'s+t+?'ám+?'m=alq=?n'","'stch'amch'malqshn'","''","'legs.'","'pl.n.'","''","''","null","null","1","'2020-08-14T20:51:59.832+00:00'","'2020-08-14T20:51:59.832+00:00'"
"984","'?'m'","1","28","'s+t+?'em=cis'","'stch'emtsis'","''","'beak, bill. (his mouth)'","'n.'","''","''","null","null","1","'2020-08-14T20:51:59.839+00:00'","'2020-08-14T20:51:59.839+00:00'"
"985","'?'m'","1","29","'s+t+?'ém=cn'","'stch'emtsn'","''","'beak, bill, mouth.'","'n.'","''","''","null","null","1","'2020-08-14T20:51:59.846+00:00'","'2020-08-14T20:51:59.846+00:00'"
"986","'?'m'","1","30","'s+t+?'ém=g?l'","'stch'emgul'","''","'abdomen, belly.'","'n.'","''","''","null","null","1","'2020-08-14T20:51:59.854+00:00'","'2020-08-14T20:51:59.854+00:00'"
"987","'?'m'","1","31","'ul s+t+?'ém=g?l'","'ul stch'emgul'","''","'celiac. (of or relating to the abdomen)'","'adj.'","''","':'","null","null","1","'2020-08-14T20:51:59.859+00:00'","'2020-08-14T20:51:59.859+00:00'"
"988","'?'m'","1","32","'s+?'m=áx?n'","'sch'maqhn'","''","'edge. (lit. extreme border; outer side of arm)'","'n.'","''","''","null","null","1","'2020-08-14T20:51:59.869+00:00'","'2020-08-14T20:51:59.869+00:00'"
"989","'?'m'","1","33","'s+can+?'m=áx?n'","'stsanch'maqhn'","''","'armpit. (lit. surface of under the arm)'","'n.'","''","''","null","null","1","'2020-08-14T20:51:59.874+00:00'","'2020-08-14T20:51:59.874+00:00'"
"990","'?'m'","1","34","'s+t+?'om=os=áx?n'","'stch'omosaqhn'","''","'shoulder.'","'n.'","''","''","null","null","1","'2020-08-14T20:51:59.882+00:00'","'2020-08-14T20:51:59.882+00:00'"
"991","'?'m'","1","35","'s+t+?'m+?'m=ós=ax?n'","'stch'mch'mosaqhn'","''","'shoulders.'","'pl.n.'","''","''","null","null","1","'2020-08-14T20:51:59.89+00:00'","'2020-08-14T20:51:59.89+00:00'"
"992","'?'m'","1","36","'s+cen+?'m=cín=?n'","'stsench'mtsinshn'","''","'ankle.'","'n.'","''","''","null","null","1","'2020-08-14T20:51:59.899+00:00'","'2020-08-14T20:51:59.899+00:00'"
"993","'?'m'","1","37","'s+cen+?'m+?'m=cín=?n'","'stsench'mch'mtsinshn'","''","'ankles.'","'n.'","''","''","null","null","1","'2020-08-14T20:51:59.903+00:00'","'2020-08-14T20:51:59.903+00:00'"
"994","'?'m'","1","38","'s+?'m=álpq?+s he t+tm'íx?'","'sch'malpqws he tt'mikhw'","'§'","'craw. (lit. esophagus of a bird)'","'n.'","''","''","null","null","1","'2020-08-14T20:51:59.909+00:00'","'2020-08-14T20:51:59.909+00:00'"
"995","'?'m'","2","1","'?et+?'m+c=i?x?'","'chetch'mtsi?khw'","'?'","'awning, porch, eaves.'","'n.'","''","''","null","null","1","'2020-08-14T20:51:59.916+00:00'","'2020-08-14T20:51:59.916+00:00'"
"996","'?'m'","2","2","'s+?et+?'m+c=í?x?'","'schetch'mtsi?khw'","''","'balcony. (lit. surface extending from wall or roof)'","'n.'","''","''","null","null","1","'2020-08-14T20:51:59.92+00:00'","'2020-08-14T20:51:59.92+00:00'"
"997","'?'m'","2","3","'?s+n+?'ém=ep'","'chsnch'emep'","''","'door, doorway.'","'n.'","''","''","null","null","1","'2020-08-14T20:51:59.926+00:00'","'2020-08-14T20:51:59.926+00:00'"
"998","'?'m'","2","4","'t+?'m=íp=?x?'","'tch'mip?kwh'","''","'earth (surface of the...), ecology. (lit. outside of a house, surroundings of a house)'","'n.'","''","''","null","null","1","'2020-08-14T20:51:59.931+00:00'","'2020-08-14T20:51:59.931+00:00'"
"999","'?'m'","2","5","'a+t+?'m=íp=?x?'","'atch'mip?khw'","''","'outdoors, outside.'","'adv.'","''","''","null","null","1","'2020-08-14T20:51:59.943+00:00'","'2020-08-14T20:51:59.943+00:00'"
"1000","'?'m'","2","6","'hn+?'ám=qn'","'hnch'amqn'","''","'brim. (lit. surface of head (of a cup('","'n.'","''","''","null","null","1","'2020-08-14T20:51:59.951+00:00'","'2020-08-14T20:51:59.951+00:00'"
"1001","'?'m'","2","7","'hn+?'ém=en?'","'hnch'emench'","''","'wall. (lit. the surface of the inside)'","'n.'","''","''","null","null","1","'2020-08-14T20:51:59.957+00:00'","'2020-08-14T20:51:59.957+00:00'"
"1002","'?'m'","2","8","'t+?'m=ásq'it'","'tch'masq'it'","''","'atmosphere, heaven.'","'n.'","''","''","null","null","1","'2020-08-14T20:51:59.97+00:00'","'2020-08-14T20:51:59.97+00:00'"
"1003","'?'m'","2","9","'t+?'m=asq'it'","'tch'masq'it'","''","'firmamanet, heaven, sky. (lit. vault of the sky)'","'n.'","''","''","null","null","1","'2020-08-14T20:51:59.977+00:00'","'2020-08-14T20:51:59.977+00:00'"
"1004","'?'m'","2","10","'ul ?'m=ásq'it'","'ul ch'masq'it'","''","'celestial. (lit. pertaining to the sky or the heavens)'","'adj.'","''","':'","null","null","1","'2020-08-14T20:51:59.989+00:00'","'2020-08-14T20:51:59.989+00:00'"
"1005","'?'m'","2","11","'ul+t+?'m=ásq'it'","'ult ch'masq'it'","''","'celestial (lit. pertaining to the sky or the heavens).'","'adj.'","''","':'","null","null","1","'2020-08-14T20:52:00.003+00:00'","'2020-08-14T20:52:00.003+00:00'"
"1006","'?'m'","2","12","'s+t+miy+iy=ípele?+s x?e t+?'m=ásq'it twe tmíx?=ulmx?'","'stmiyiyipele's khwe tch'masq'it twe tmikhulmkhw'","'§'","'cosmography, science of what is in the sky and earth.'","'n.'","''","''","null","null","1","'2020-08-14T20:52:00.011+00:00'","'2020-08-14T20:52:00.011+00:00'"
"1007","'?'ml'","0","1","'?'imul'","'ch'imul'","'?'","'needle (pine...), pine needle.'","'n.'","''","''","null","null","1","'2020-08-14T20:52:00.021+00:00'","'2020-08-14T20:52:00.021+00:00'"
"1008","'?'m''","1","1","'?'am''","'ch'a'm'","'?'","'left (...over ,...out).'","'adj.'","''","':'","null","null","1","'2020-08-14T20:52:00.034+00:00'","'2020-08-14T20:52:00.034+00:00'"
"1009","'?'m''","1","2","'?[']am''","'cha'm'","''","'left, remaining.'","'vi.'","''","''","null","null","1","'2020-08-14T20:52:00.045+00:00'","'2020-08-14T20:52:00.045+00:00'"
"1010","'?'m''","2","1","'?'em''","'ch'e'm'","'?'","'dark, dark (to be...), e.g. night.'","'vi.'","''","''","null","null","1","'2020-08-14T20:52:00.053+00:00'","'2020-08-14T20:52:00.053+00:00'"
"1011","'?'m''","2","2","'u· ?'ém''","'uuch'em''","''","'dark (It is...).'","'adj.'","''","':'","null","null","1","'2020-08-14T20:52:00.057+00:00'","'2020-08-14T20:52:00.057+00:00'"
"1012","'?'m''","3","1","'?'ím'+n'","'ch'i'mn'","'?'","'antler, horn.'","'n.'","''","''","null","null","1","'2020-08-14T20:52:00.068+00:00'","'2020-08-14T20:52:00.068+00:00'"
"1013","'?'m''","3","2","'ul s+x??t'+í? he ?'ím'?is'","'ul sqhwt'i'he ch'i'mis'","'§'","'Capricornus. (lit. a horn that belongs to the goat)'","'n.'","''","''","null","null","1","'2020-08-14T20:52:00.074+00:00'","'2020-08-14T20:52:00.074+00:00'"
"1014","'?'m''","4","1","'s+?'ím''","'sch'i'm'","'?'","'marmot, woodchuck.'","'n.'","''","''","null","null","1","'2020-08-14T20:52:00.081+00:00'","'2020-08-14T20:52:00.081+00:00'"
"1015","'?'m'c?'","0","1","'hn+?'m'cí?'","'Hnch\'mtsi'","'?'","'Clark's Fork, Idaho.'","'n.'","''","''","null","null","1","'2020-08-14T20:52:00.085+00:00'","'2020-08-14T20:52:00.085+00:00'"
"1016","'?'n'","0","1","'?'in'","'ch'in'","'?'","'dangerous (be...).'","'vi.'","''","''","null","null","1","'2020-08-14T20:52:00.091+00:00'","'2020-08-14T20:52:00.091+00:00'"
"1017","'?'n'","0","2","'?'ín+?'in+t'","'ch'inch'int'","''","'breakneck, danger, dangerous, hazardous (It is...).'","'adj., n., vi.'","''","''","null","null","1","'2020-08-14T20:52:00.096+00:00'","'2020-08-14T20:52:00.096+00:00'"
"1018","'?'n'","0","3","'i+?'in+?'in+m+scút'","'ich'inch'inmstsut'","''","'desperate. (lit. He is putting himself in a very dangerous situation)'","'adj.'","''","':'","null","null","1","'2020-08-14T20:52:00.103+00:00'","'2020-08-14T20:52:00.103+00:00'"
"1019","'?'n'","0","4","'s+?'n+?'n+m+scút'","'sch'nch'nmstsut'","''","'adventure. (lit. endangering oneself)'","'n.'","''","''","null","null","1","'2020-08-14T20:52:00.11+00:00'","'2020-08-14T20:52:00.11+00:00'"
"1020","'?'np''","0","1","'?'enp''","'ch'enp''","'?'","'clasp, encircle.'","'vt.'","''","''","null","null","1","'2020-08-14T20:52:00.123+00:00'","'2020-08-14T20:52:00.123+00:00'"
"1021","'?'np''","0","2","'?ynp'=íc'e?'","'chynp'its'e''","'//'","'barrel. (lit. a wooden container held together by hoops)'","'n.'","'[also recorded as ?np']'","''","null","null","1","'2020-08-14T20:52:00.132+00:00'","'2020-08-14T20:52:00.132+00:00'"
"1022","'?'np''","0","3","'?'np'=qín'=?t'","'ch'np'qi'ncht'","''","'annulus, curio.'","'n.'","''","''","null","null","1","'2020-08-14T20:52:00.141+00:00'","'2020-08-14T20:52:00.141+00:00'"
"1023","'?'np''","0","4","'cen+?'np'=cín=?n'","'tsench'np'tsinshn'","''","'bangle. (lit. anklet)'","'n.'","''","''","null","null","1","'2020-08-14T20:52:00.151+00:00'","'2020-08-14T20:52:00.151+00:00'"
"1024","'?'np''","0","5","'s+?'np'=áx?n'","'sch'np'aqhn'","''","'armlet, bracelet.'","'n.'","''","''","null","null","1","'2020-08-14T20:52:00.154+00:00'","'2020-08-14T20:52:00.154+00:00'"
"1025","'?'np''","0","6","'s+can+?'n'+?'np'=áx?n''","'stsanch''nch''npaqh'n'","''","'vest, corset.'","'n.'","''","''","null","null","1","'2020-08-14T20:52:00.165+00:00'","'2020-08-14T20:52:00.165+00:00'"
"1026","'?'np''","0","7","'?'enp'?nt?s'","'ch'enp'nts'","'?'","'cuddle, fondle, hug.  (lit. he fondled her, hugged her)'","'vi.'","''","''","null","null","1","'2020-08-14T20:52:00.17+00:00'","'2020-08-14T20:52:00.17+00:00'"
"1027","'?'np''","0","8","'cen+?'np'=cín?t?s'","'sench'np'tsints'","''","'clasp. (lit. He embraced her around the neck)'","'vt.'","''","''","null","null","1","'2020-08-14T20:52:00.175+00:00'","'2020-08-14T20:52:00.175+00:00'"
"1028","'?'np''","0","9","'u+x??al'+a ?'n'p'=qín'=?t'","'uqhwa'la ch\'np'qi'ncht'","'§'","'annular. (lit. It is like a ring)'","'n.'","''","''","null","null","1","'2020-08-14T20:52:00.19+00:00'","'2020-08-14T20:52:00.19+00:00'"
"1029","'?'n''","1","1","'?'+?'en'e?'","'ch'ch'e'ne''","'?'","'diminutive, small, bit, a small piece or amount.'","'adj.'","''","':'","null","null","1","'2020-08-14T20:52:00.2+00:00'","'2020-08-14T20:52:00.2+00:00'"
"1030","'?'n''","1","2","'?'n'+n'=úl'umx?'","'Ch''n'nu'lumkhw'","'//'","'Don George's ancestor.'","'n.'","''","''","null","null","1","'2020-08-14T20:52:00.211+00:00'","'2020-08-14T20:52:00.211+00:00'"
"1031","'?'n''","1","3","'?'+?'n'e?=il?'","'ch'ch''ne'ilsh'","''","'decrease, grow small. (lit. it became small or smaller)'","'v.'","''","''","null","null","1","'2020-08-14T20:52:00.225+00:00'","'2020-08-14T20:52:00.225+00:00'"
"1032","'?'n''","1","4","'?'n'+?'ne?=cin'+m'n''","'ch'n'ch'ne'tsi'n'm'n'","''","'belittle. (lit. Make small by word of  mouth)'","'v.'","''","''","null","null","1","'2020-08-14T20:52:00.232+00:00'","'2020-08-14T20:52:00.232+00:00'"
"1033","'?'n''","1","5","'hn+?'+?'án'+a?=al'qs'","'hnch'ch'a'na'a'lqs'","''","'cheap, inexpensive. (lit. the road is small (narrow('","'adj.'","''","':'","null","null","1","'2020-08-14T20:52:00.243+00:00'","'2020-08-14T20:52:00.243+00:00'"
"1034","'?'n''","1","6","'?'+?'n'e?=il'??s?n'","'ch'ch''ne'i'lshsn'","'?'","'diminish.'","'vt.'","''","''","null","null","1","'2020-08-14T20:52:00.253+00:00'","'2020-08-14T20:52:00.253+00:00'"
"1035","'?'n''","1","7","'?'+?'n'e?=il'??t?m''","'ch'ch''ne'i'lsht'm'","''","'attenuate.'","'vt.'","''","''","null","null","1","'2020-08-14T20:52:00.258+00:00'","'2020-08-14T20:52:00.258+00:00'"
"1036","'?'n''","1","8","'?'+?'n'e?=il'??t?m'","'ch'ch''ne'i'lshtm'","''","'slender. (lit. he was made smaller)'","'n.'","''","''","null","null","1","'2020-08-14T20:52:00.269+00:00'","'2020-08-14T20:52:00.269+00:00'"
"1037","'?'n''","1","9","'?'+?'n'+?'n'e?=cin'+m'?n't?s'","'ch'ch''nch''ne'tsi'n'm'nt'","''","'disparage.'","'vt.'","''","''","null","null","1","'2020-08-14T20:52:00.273+00:00'","'2020-08-14T20:52:00.273+00:00'"
"1038","'?'n''","1","10","'?'+?'n'+?'n'e?=cin'+m'?n't?s'","'ch'ch''nch''ne'tsi'n'm'nts'","''","'belittle (lit. he spoke of him as small or unimportant).'","'vt.'","''","''","null","null","1","'2020-08-14T20:52:00.284+00:00'","'2020-08-14T20:52:00.284+00:00'"
"1039","'?'n''","1","11","'?'+?'en'e? he wl+wlim'","'ch'ch'e'ne' he wlwlim'","'§'","'chicken feed (lit. small money, trifling amount of money).'","'n.'","''","''","null","null","1","'2020-08-14T20:52:00.288+00:00'","'2020-08-14T20:52:00.288+00:00'"
"1040","'?'n''","1","12","'?'n'+?'n'e?=cin'+m'e?+tn?se?s'","'ch''nch''ne'tsi'n'me'tnses'","''","'decry.'","'vi.'","''","''","null","null","1","'2020-08-14T20:52:00.294+00:00'","'2020-08-14T20:52:00.294+00:00'"
"1041","'?'n''","2","1","'?'en''","'ch'e'n'","'?'","'one round object lies.'","'vt.'","''","''","null","null","1","'2020-08-14T20:52:00.301+00:00'","'2020-08-14T20:52:00.301+00:00'"
"1042","'?'n''","2","2","'?'en'+n''","'ch'e'n'n'","''","'it (ball) fell on the ground.'","'vt.'","''","''","null","null","1","'2020-08-14T20:52:00.304+00:00'","'2020-08-14T20:52:00.304+00:00'"
"1043","'?'n''","2","3","'s+?'n'=álpq?'","'sch''nalpqw'","'//'","'cowbell. (lit. that (ball that strikes a bell) which is hung to the (anterior portion of the) neck)'","'n.'","''","''","null","null","1","'2020-08-14T20:52:00.313+00:00'","'2020-08-14T20:52:00.313+00:00'"
"1044","'?'n''","2","4","'s+n+?'n'=í?n'","'snch'nichn'","''","'ammunition, cartridge. (lit. ball on the back)'","'n.'","''","''","null","null","1","'2020-08-14T20:52:00.32+00:00'","'2020-08-14T20:52:00.32+00:00'"
"1045","'?'n''","2","5","'t+?'én'=g?l'","'tch'e'ngul'","''","'person (...with bulging stomach), stomach (person with bulging...).'","'n.'","''","''","null","null","1","'2020-08-14T20:52:00.332+00:00'","'2020-08-14T20:52:00.332+00:00'"
"1046","'?'n''","2","6","'at+?'án'=qn'","'atch'a'nqn'","''","'Afro (hairdo), bouffant. (lit. H/h hair is puffed out)'","'vi., adj.'","''","':'","null","null","1","'2020-08-14T20:52:00.335+00:00'","'2020-08-14T20:52:00.335+00:00'"
"1047","'?'n''","2","7","'?s+n+?'en'=ípn'","'chsnch'e'nipn'","''","'padlocks, deadlock.'","'n.'","''","''","null","null","1","'2020-08-14T20:52:00.341+00:00'","'2020-08-14T20:52:00.341+00:00'"
"1048","'?'n''","2","8","'n+?ilk'?=elg?es+n a sn+?'n'=í?n?'","''nilk'welgwesn a snch'n'ichn''","'§'","'caisson. (lit. storage (box) for ammunition)'","'n.'","''","''","null","null","1","'2020-08-14T20:52:00.346+00:00'","'2020-08-14T20:52:00.346+00:00'"
"1049","'?'px?'","0","1","'?'epx?'","'ch'epkhw'","'?'","'trap, He (mouse) was trapped.  (lit. it was trapped)'","'vt.'","''","''","null","null","1","'2020-08-14T20:52:00.354+00:00'","'2020-08-14T20:52:00.354+00:00'"
"1050","'?'p''","0","1","'?'ip''","'ch'ip''","'?'","'pinch.'","'stem vt.'","''","''","null","null","1","'2020-08-14T20:52:00.359+00:00'","'2020-08-14T20:52:00.359+00:00'"
"1051","'?'p''","0","2","'?'ip'+?'ep'+t'","'ch'ip'ch'ep't'","''","'dawdles, dilatory. (lit. he is slow)'","'adj.'","''","':'","null","null","1","'2020-08-14T20:52:00.37+00:00'","'2020-08-14T20:52:00.37+00:00'"
"1052","'?'p''","0","3","'?'ip[']+m+ncut'","'ch'ipmntsut'","''","'dawdles, loiters. (lit. he pinched himself)'","'adj.'","':[xref c'p']'","''","null","null","1","'2020-08-14T20:52:00.377+00:00'","'2020-08-14T20:52:00.377+00:00'"
"1053","'?'p'x?'","0","1","'?'ép'x?'","'ch'ep'khw'","'?'","'click, clip.'","'stem vt.'","''","''","null","null","1","'2020-08-14T20:52:00.391+00:00'","'2020-08-14T20:52:00.391+00:00'"
"1054","'?'p'x?'","0","2","'?'p'ux?'","'ch'p'ukhw!'","''","'click. (lit. It went click)'","'n.'","''","''","null","null","1","'2020-08-14T20:52:00.401+00:00'","'2020-08-14T20:52:00.401+00:00'"
"1055","'?'p'x?'","0","3","'?'p'x?+mín+n'","'ch'p'khuminn'","''","'clip, pliers, pinchers. (lit. a device for fastening)'","'n.'","''","''","null","null","1","'2020-08-14T20:52:00.41+00:00'","'2020-08-14T20:52:00.41+00:00'"
"1056","'?'p'x?'","0","4","'?'p'+?'p'x?+m'ín'+n''","'ch'p'ch'p'khu'mi'n'n'","''","'clippers, scissors. (lit. instrument for clipping)'","'n.'","''","''","null","null","1","'2020-08-14T20:52:00.42+00:00'","'2020-08-14T20:52:00.42+00:00'"
"1057","'?'p'x?'","0","5","'t+?'p'x?+mín+n'","'tch'p'khuminn'","''","'clothespin. (lit. a clip for fastening clothes on a line)'","'n.'","''","''","null","null","1","'2020-08-14T20:52:00.428+00:00'","'2020-08-14T20:52:00.428+00:00'"
"1058","'?'p'x?'","0","6","'?'ép'x??n'","'ch'ep'khwn'","'?'","'clip. (lit. I clipped it (paper, etc)'","'vt.'","''","''","null","null","1","'2020-08-14T20:52:00.437+00:00'","'2020-08-14T20:52:00.437+00:00'"
"1059","'?'p'x?'","0","7","'?'ep'x??nt?s'","'ch'ep'khwnts'","''","'clip, trim (off).'","'vt.'","''","''","null","null","1","'2020-08-14T20:52:00.445+00:00'","'2020-08-14T20:52:00.445+00:00'"
"1060","'?'p'x?'","0","8","'?'ép'x??nt?s'","'ch'ep'khwnts'","''","'clipped (he...it).'","'vt.'","''","''","null","null","1","'2020-08-14T20:52:00.451+00:00'","'2020-08-14T20:52:00.451+00:00'"
"1061","'?'r'","1","1","'?'ar'","'ch'ar'","'?'","'swim. (referring to an animal)'","'vi.'","''","''","null","null","1","'2020-08-14T20:52:00.459+00:00'","'2020-08-14T20:52:00.459+00:00'"
"1062","'?'r'","1","2","'?'ar+p'","'ch'arp'","''","'animal swims.'","'vi.'","''","''","null","null","1","'2020-08-14T20:52:00.464+00:00'","'2020-08-14T20:52:00.464+00:00'"
"1063","'?'r'","1","3","'?'ar+p'","'ch'arp'","''","'to swim (referring to an animal).'","'vi.'","''","''","null","null","1","'2020-08-14T20:52:00.474+00:00'","'2020-08-14T20:52:00.474+00:00'"
"1064","'?'r'","1","4","'hn+?'ar+p'","'hnch'arp'","''","'He (animal) swam.'","'vi.'","''","''","null","null","1","'2020-08-14T20:52:00.481+00:00'","'2020-08-14T20:52:00.481+00:00'"
"1065","'?'r'","1","5","'s+n+?'ar+p'","'snch'arp'","''","'to swim. (animal).'","'v.'","''","''","null","null","1","'2020-08-14T20:52:00.487+00:00'","'2020-08-14T20:52:00.487+00:00'"
"1066","'?'r'","2","1","'?'ar'","'ch'ar'","'?'","'cut. (light or flimsey objects with shears)'","'vt.'","''","''","null","null","1","'2020-08-14T20:52:00.497+00:00'","'2020-08-14T20:52:00.497+00:00'"
"1067","'?'r'","2","2","'a n+?'ar=úl'mx?'","'anch'aru'lmkhw'","''","'trench, channel, dike, furrow, groove.'","'n.'","''","''","null","null","1","'2020-08-14T20:52:00.501+00:00'","'2020-08-14T20:52:00.501+00:00'"
"1068","'?'r'","2","3","'hn+n+?'ar=úl'umx?'","'hnnch'aru'lumkhw'","''","'ditch, trench. (lit. It is my trench cut in the earth)'","'n.'","''","''","null","null","1","'2020-08-14T20:52:00.504+00:00'","'2020-08-14T20:52:00.504+00:00'"
"1069","'?'r'","2","4","'ni??'+?'ar'=ál'q?'","'Ni'ch'ch'a'ra'lqw'","'§'","'Sanders, Idaho. (lit. a cut in the woods)'","'n.'","''","''","null","null","1","'2020-08-14T20:52:00.517+00:00'","'2020-08-14T20:52:00.517+00:00'"
"1070","'?'rp''","0","1","'?'ar'p'=qin'=?t'","'ch'a'rp'qi'ncht'","'//'","'ring (for the finger).'","'n.'","''","''","null","null","1","'2020-08-14T20:52:00.521+00:00'","'2020-08-14T20:52:00.521+00:00'"
"1071","'?'rp''","0","2","'s+can+?'arp'=áx?n'","'stsanch'arp'aqhn'","''","'corona. (lit. ring around the armpits or ring around the planet, star, or moon)'","'n.'","''","''","null","null","1","'2020-08-14T20:52:00.528+00:00'","'2020-08-14T20:52:00.528+00:00'"
"1072","'?'rw'","0","1","'s+t+?'érw+um'","'stch'erwum'","'?'","'pray, prayer.'","'vi., n.'","'[xref ?'??]'","''","null","null","1","'2020-08-14T20:52:00.542+00:00'","'2020-08-14T20:52:00.542+00:00'"
"1073","'?'s'","0","1","'?'es'","'ch'es'","'?'","'bad (be...).'","'stem vi.'","''","''","null","null","1","'2020-08-14T20:52:00.553+00:00'","'2020-08-14T20:52:00.553+00:00'"
"1074","'?'s'","0","2","'?'es+t'","'ch'est'","''","'bad, brutal, contemptuous, cruel, despicable, evil, mean, overbearing, scornful, (lit. He is...).'","'adj.'","''","':'","null","null","1","'2020-08-14T20:52:00.56+00:00'","'2020-08-14T20:52:00.56+00:00'"
"1075","'?'s'","0","3","'[?]'es+t'","'q'est'","''","'bad (it is...).'","'vi.'","'[see also q's]'","''","null","null","1","'2020-08-14T20:52:00.573+00:00'","'2020-08-14T20:52:00.573+00:00'"
"1076","'?'s'","0","4","'s+?'es+t'","'sch'est'","''","'brutality, cruelty.'","'n.'","''","''","null","null","1","'2020-08-14T20:52:00.582+00:00'","'2020-08-14T20:52:00.582+00:00'"
"1077","'?'s'","0","5","'hn+?'és+n'","'hnch'esn'","''","'depravity, sin, wrongdoing. (condition of being bad, evil'","'n.'","''","''","null","null","1","'2020-08-14T20:52:00.585+00:00'","'2020-08-14T20:52:00.585+00:00'"
"1078","'?'s'","0","6","'?[']és+m+ncut'","'chesmntsut'","''","'delinquent. (lit. He made himself a delinquent)'","'n.'","''","''","null","null","1","'2020-08-14T20:52:00.59+00:00'","'2020-08-14T20:52:00.59+00:00'"
"1079","'?'s'","0","7","'s+?'és+m+ncut'","'sch'esmntsut'","''","'delinquency. (lit. making oneself bad)'","'n.'","''","''","null","null","1","'2020-08-14T20:52:00.6+00:00'","'2020-08-14T20:52:00.6+00:00'"
"1080","'?'s'","0","8","'s+n+?'es+?'s+t+m+ncút'","'snch'esch'stmntsut'","''","'to be sorry, to feel remorse.'","'v.'","''","''","null","null","1","'2020-08-14T20:52:00.607+00:00'","'2020-08-14T20:52:00.607+00:00'"
"1081","'?'s'","0","9","'s+?'s+t+mín+?e?'","'sch'stminshesh'","''","'contempt, disdain, scorn. (lit. treating as bad)'","'n.'","''","''","null","null","1","'2020-08-14T20:52:00.618+00:00'","'2020-08-14T20:52:00.618+00:00'"
"1082","'?'s'","0","10","'s+?'s=cín'","'sch'stsin'","'//'","'abuse (foul?mouthed...), billingsgate, curse.'","'n.'","''","''","null","null","1","'2020-08-14T20:52:00.629+00:00'","'2020-08-14T20:52:00.629+00:00'"
"1083","'?'s'","0","11","'?'s=ci·n'+útm'","'ch'stsii'nutm'","''","'abominable, accursed, outrageous. (lit. it is accursed)'","'adj.'","''","':'","null","null","1","'2020-08-14T20:52:00.636+00:00'","'2020-08-14T20:52:00.636+00:00'"
"1084","'?'s'","0","12","'?'s+?'s=ci·n'=íye?'","'ch'sch'stsii'niye''","''","'dispute. (lit. He exchanged mean words with another)'","'n.'","''","''","null","null","1","'2020-08-14T20:52:00.649+00:00'","'2020-08-14T20:52:00.649+00:00'"
"1085","'?'s'","0","13","'s+?'s+?'s=ci·n'=íy'e?'","'sch'sch'stsii'ni'ye''","''","'argue, bicker, brawl, quarrel, debate. (lit. exchanging mean/angry words)'","'vi.'","''","''","null","null","1","'2020-08-14T20:52:00.66+00:00'","'2020-08-14T20:52:00.66+00:00'"
"1086","'?'s'","0","14","'s+?'s+e·?=iye?'","'sch'seechiye''","''","'rock lichen. (skunk cabbage'","'n.'","''","''","null","null","1","'2020-08-14T20:52:00.678+00:00'","'2020-08-14T20:52:00.678+00:00'"
"1087","'?'s'","0","15","'?'s=ul'mx?'","'ch'su'lmkhw'","''","'badlands.'","'n.'","''","''","null","null","1","'2020-08-14T20:52:00.685+00:00'","'2020-08-14T20:52:00.685+00:00'"
"1088","'?'s'","0","16","'hn+?'s=ílg?es'","'hnch'silgwes'","''","'bad?tempered, brutal, unkind. (lit. He is mean as to the heart.)'","'adj.'","''","':'","null","null","1","'2020-08-14T20:52:00.69+00:00'","'2020-08-14T20:52:00.69+00:00'"
"1089","'?'s'","0","17","'s+n+?'s+s+m=ílg?es'","'snch'ssmilgwes'","''","'antipathy. (lit. feeling aversion at the heart)'","'n.'","''","''","null","null","1","'2020-08-14T20:52:00.701+00:00'","'2020-08-14T20:52:00.701+00:00'"
"1090","'?'s'","0","18","'hn+?'s=ítk?e?'","'hnch'sitkwe''","''","'stagnant. (lit. bad water, bitter water)'","'adj.'","''","':'","null","null","1","'2020-08-14T20:52:00.707+00:00'","'2020-08-14T20:52:00.707+00:00'"
"1091","'?'s'","0","19","'s+?'és=ep'","'sch'esep'","''","'skunk. (lit. bad bottom)'","'n.'","''","''","null","null","1","'2020-08-14T20:52:00.716+00:00'","'2020-08-14T20:52:00.716+00:00'"
"1092","'?'s'","0","20","'s+?'s=í?t+m+n'","'sch'sichtmn'","''","'abuse. (lit. treating wrongly with the hand)'","'n.'","''","''","null","null","1","'2020-08-14T20:52:00.72+00:00'","'2020-08-14T20:52:00.72+00:00'"
"1093","'?'s'","0","21","'s+?'s+t=íl'?'","'sch'sti'lsh'","''","'demoralization. (lit. becoming spoiled)'","'n.'","''","''","null","null","1","'2020-08-14T20:52:00.725+00:00'","'2020-08-14T20:52:00.725+00:00'"
"1094","'?'s'","0","22","'s+?'s+t=íl'?+m'","'sch'sti'lshm'","''","'depravation. (lit. making someone/some­thing bad)'","'n.'","''","''","null","null","1","'2020-08-14T20:52:00.73+00:00'","'2020-08-14T20:52:00.73+00:00'"
"1095","'?'s'","0","23","'*s+?'s+?'s=níx?'","'sch'schsnikhw'","''","'abhorred.'","'v.'","''","''","null","null","1","'2020-08-14T20:52:00.741+00:00'","'2020-08-14T20:52:00.741+00:00'"
"1096","'?'s'","0","24","'?'s=qin+m'","'ch'sqinm'","''","'h/s threw off (waste matter) from the body.'","'vt.'","''","''","null","null","1","'2020-08-14T20:52:00.753+00:00'","'2020-08-14T20:52:00.753+00:00'"
"1097","'?'s'","0","25","'s+?'[e]s=qín+m'","'sch'sqinm'","''","'defecation. (lit. excretion through the intestines)'","'n.'","''","''","null","null","1","'2020-08-14T20:52:00.759+00:00'","'2020-08-14T20:52:00.759+00:00'"
"1098","'?'s'","0","26","'s+ni?+?'és+?'s+s+m=en?'","'sni'ch'esch'ssmench'","''","'constipation, upset stomach. (lit. something going wrong with the bowels)'","'n.'","''","''","null","null","1","'2020-08-14T20:52:00.77+00:00'","'2020-08-14T20:52:00.77+00:00'"
"1099","'?'s'","0","27","'?'s=í?t+me?nt?s'","'ch'sichtments'","'?'","'botch. (lit. He repaired it clumsily)'","'vt.'","''","''","null","null","1","'2020-08-14T20:52:00.775+00:00'","'2020-08-14T20:52:00.775+00:00'"
"1100","'?'s'","0","28","'?'s=cín+m?nt?s'","'ch'stsinmnts'","''","'assail, curse, damn, (lit. he spoke evil words to him).'","'vi.'","''","''","null","null","1","'2020-08-14T20:52:00.786+00:00'","'2020-08-14T20:52:00.786+00:00'"
"1101","'?'s'","0","29","'?'s+?'s=ci·n'=iy'e??l'?'","'ch'sch'stsii'ni'ye''lsh'","''","'debate. (lit. they quarreled)'","'vi.'","''","''","null","null","1","'2020-08-14T20:52:00.79+00:00'","'2020-08-14T20:52:00.79+00:00'"
"1102","'?'s'","0","30","'?'s+t=íl'??st?m'","'ch'sti'lshstm'","''","'deprave, spoiled (h/s was...). (lit. He was caused to become bad)'","'vt.'","''","''","null","null","1","'2020-08-14T20:52:00.798+00:00'","'2020-08-14T20:52:00.798+00:00'"
"1103","'?'s'","0","31","'?'s+t=íl'??stu?s'","'ch'sti'lshstus'","''","'corrupt, deprave. (lit. He made it bad)'","'vi.'","''","''","null","null","1","'2020-08-14T20:52:00.803+00:00'","'2020-08-14T20:52:00.803+00:00'"
"1104","'?'s'","0","32","'?'s+t+mí?nt?s'","'ch'stmints'","''","'hated (He...him), resented (H/s...it very much).'","'vt.'","''","''","null","null","1","'2020-08-14T20:52:00.809+00:00'","'2020-08-14T20:52:00.809+00:00'"
"1105","'?'s'","0","33","'?i+s+?'s+?'s+?=nix??s'","'chisch'sch'schnikhws'","''","'disdain, despise. (lit. h/s loathes me)'","'n.'","''","''","null","null","1","'2020-08-14T20:52:00.819+00:00'","'2020-08-14T20:52:00.819+00:00'"
"1106","'?'s'","0","34","'?is+?'s+?'s+?s=nix??s'","'chisch'sch'schsnikhws'","''","'despises.'","'n.'","''","''","null","null","1","'2020-08-14T20:52:00.825+00:00'","'2020-08-14T20:52:00.825+00:00'"
"1107","'?'s'","0","35","'?is+s+?'s+?'s+?s=nix?'","'chissch'sch'schsnikhw'","''","'detest. (lit. I am custom­arily hated)'","'vt.'","''","''","null","null","1","'2020-08-14T20:52:00.84+00:00'","'2020-08-14T20:52:00.84+00:00'"
"1108","'?'s'","0","36","'s+?'s+?'s=níx?'","'sch'schsnikhw'","''","'abhor (to...).'","'vt.'","''","''","null","null","1","'2020-08-14T20:52:00.852+00:00'","'2020-08-14T20:52:00.852+00:00'"
"1109","'?'s'","0","37","'?'s=cin+m?nt?s x?a x?es+t'","'ch'stsinmnts khwa qhest'","'§'","'blasphemy, profanity.'","'n.'","''","''","null","null","1","'2020-08-14T20:52:00.861+00:00'","'2020-08-14T20:52:00.861+00:00'"
"1110","'?'s'","0","38","'hn+?á?p=alqs ?'es+t'","'hn?a'palqs ch'est'","''","'evil. (lit. He is extremely evil)'","'adj.'","''","':'","null","null","1","'2020-08-14T20:52:00.871+00:00'","'2020-08-14T20:52:00.871+00:00'"
"1111","'?'s'","0","39","'hn+?áp=alqs ?'es+t'","'hn?apalqs ch'est'","''","'atrocious. (lit. He is extreme­ly evil)'","'adj.'","''","':'","null","null","1","'2020-08-14T20:52:00.885+00:00'","'2020-08-14T20:52:00.885+00:00'"
"1112","'?'s'","0","40","'?'s+e?+cég?+t'","'ch'se?tsegwt'","''","'cad, churl. (lit. He has bad manners?an ungentlemanly man)'","'n.'","''","''","null","null","1","'2020-08-14T20:52:00.889+00:00'","'2020-08-14T20:52:00.889+00:00'"
"1113","'?'s'","0","41","'?'s+e?+cég?+t he s+mi?yem'","'ch'se?tsegwt he smi'yem'","''","'cotquean. (lit. woman of bad manners)'","'n.'","''","''","null","null","1","'2020-08-14T20:52:00.899+00:00'","'2020-08-14T20:52:00.899+00:00'"
"1114","'?'s'","0","42","'s+?'s=cín+m+n ?en+g?ís+t'","'sch'stsinmn ?engwist'","''","'blasphemy. (lit. speaking evil of the One on High)'","'n.'","''","''","null","null","1","'2020-08-14T20:52:00.903+00:00'","'2020-08-14T20:52:00.903+00:00'"
"1115","'?'s'","0","43","'tel' ci' ?'es+t+íl'??st?m'","'te'l tsi' ch'esti'lshstm'","''","'degenerate. (lit. He was made worse)'","'v.'","''","''","null","null","1","'2020-08-14T20:52:00.919+00:00'","'2020-08-14T20:52:00.919+00:00'"
"1116","'?'s'","0","44","'?'s+?'s+t+men+? le·swíp'","'ch'sch'stmen? leeswip'","''","'anti?Semite.'","'n.'","''","''","null","null","1","'2020-08-14T20:52:00.928+00:00'","'2020-08-14T20:52:00.928+00:00'"
"1117","'?'s'","0","45","'lut ?'es+t'","'lut ch'est'","''","'amoral. (lit. It is not bad)'","'adj.'","''","':'","null","null","1","'2020-08-14T20:52:00.931+00:00'","'2020-08-14T20:52:00.931+00:00'"
"1118","'?'s'","0","46","'?e+?'is+e?+ceg?+t'","'?ech'ise?tsegwt'","''","'boor. (lit. one who has bad manners)'","'n.'","''","''","null","null","1","'2020-08-14T20:52:00.935+00:00'","'2020-08-14T20:52:00.935+00:00'"
"1119","'?'?'","0","1","'?'é??nt?eli?s'","'ch'eshntelis'","'?'","'conform. (lit. He went along with us. He conformed his behavior with ours)'","'vt.'","'[see also ??]'","''","null","null","1","'2020-08-14T20:52:00.939+00:00'","'2020-08-14T20:52:00.939+00:00'"
"1120","'?'t'","0","1","'?'et'","'ch'et'","'?'","'beat, tick. nod. '","'stem vt.'","''","''","null","null","1","'2020-08-14T20:52:00.949+00:00'","'2020-08-14T20:52:00.949+00:00'"
"1121","'?'t'","0","2","'u·+?'t+?'t+?'t'","'uuch'tch'tch't'","''","'chuckle. (lit. He laughed quietly by nodding repeatedly)'","'vi.'","''","''","null","null","1","'2020-08-14T20:52:00.952+00:00'","'2020-08-14T20:52:00.952+00:00'"
"1122","'?'t?'","0","1","'?'íte?'","'ch'ite''","'?'","'near (be...).'","'stem vi.'","''","''","null","null","1","'2020-08-14T20:52:00.96+00:00'","'2020-08-14T20:52:00.96+00:00'"
"1123","'?'t?'","0","2","'?'+?'ite?'","'ch'ch'ite''","''","'close, near.'","'adj.'","''","':'","null","null","1","'2020-08-14T20:52:00.966+00:00'","'2020-08-14T20:52:00.966+00:00'"
"1124","'?'t?'","0","3","'t+?'íte?+m?nt?s'","'tch'ite'mnts'","'?'","'to approach. (lit. He came close to him)'","'v.'","''","''","null","null","1","'2020-08-14T20:52:00.976+00:00'","'2020-08-14T20:52:00.976+00:00'"
"1125","'?'t''","1","1","'?'et''","'ch'et''","'?'","'chop (off), cut (off completely), separate, sever.'","'vi., vt.'","''","''","null","null","1","'2020-08-14T20:52:00.986+00:00'","'2020-08-14T20:52:00.986+00:00'"
"1126","'?'t''","1","2","'hn+?'t'=ús?nt?m'","'hnch't'usntm'","'?'","'decapitated. (lit. He was decapitated)'","'adj.'","''","':'","null","null","1","'2020-08-14T20:52:00.996+00:00'","'2020-08-14T20:52:00.996+00:00'"
"1127","'?'t''","2","1","'?'t[']'","'ch't'","'?'","'brown. (horse'","'n.'","''","''","null","null","1","'2020-08-14T20:52:01.003+00:00'","'2020-08-14T20:52:01.003+00:00'"
"1128","'?'t''","2","2","'t+?'t'=élx?'","'tch't'elkhw'","''","'brown. (lit. A horse with brown fur (hide('","'adj.'","''","':'","null","null","1","'2020-08-14T20:52:01.01+00:00'","'2020-08-14T20:52:01.01+00:00'"
"1129","'?'t''","3","1","'?et'+?'et''","'chet'ch'et''","'?'","'blackbird.'","'n.'","'[see also t'?'1]'","''","null","null","1","'2020-08-14T20:52:01.02+00:00'","'2020-08-14T20:52:01.02+00:00'"
"1130","'?'t''","3","2","'is+?'át'+?'at[']+i?'","'isch'at'ch'atish'","''","'chirrup. (lit. The bird is uttering a series of chirps)'","'vi.'","''","''","null","null","1","'2020-08-14T20:52:01.033+00:00'","'2020-08-14T20:52:01.033+00:00'"
"1131","'?'w'","1","1","'?'ew'","'ch'ew'","'?'","'nostalgic.'","'stem adj.'","''","':'","null","null","1","'2020-08-14T20:52:01.05+00:00'","'2020-08-14T20:52:01.05+00:00'"
"1132","'?'w'","2","1","'?'u'","'ch'u'","'?'","'absent, away, gone, missing.'","'adj.'","''","':'","null","null","1","'2020-08-14T20:52:01.069+00:00'","'2020-08-14T20:52:01.069+00:00'"
"1133","'?'w'","2","2","'?'uw'","'ch'uw!'","''","'absent (he is...).'","'vi.'","''","''","null","null","1","'2020-08-14T20:52:01.082+00:00'","'2020-08-14T20:52:01.082+00:00'"
"1134","'?'w'","2","3","'?'u·'","'ch'uu!'","''","'blank, empty, nothing there.'","'adj.'","''","':'","null","null","1","'2020-08-14T20:52:01.09+00:00'","'2020-08-14T20:52:01.09+00:00'"
"1135","'?'w'","2","4","'s+?'uw'","'sch'uw'","''","'abscence. (lit. being gone away)'","'n.'","''","''","null","null","1","'2020-08-14T20:52:01.105+00:00'","'2020-08-14T20:52:01.105+00:00'"
"1136","'?'w'","2","5","'?'uw+ín'?'","'ch'uwi'nsh'","''","'barely, hardly. (barely'","'adv.'","''","''","null","null","1","'2020-08-14T20:52:01.12+00:00'","'2020-08-14T20:52:01.12+00:00'"
"1137","'?'w'","2","6","'hn+?'uw+p=ílg?es'","'hnch'uwpilgwes'","'//'","'lit. He was lonely.'","'adj.'","''","':'","null","null","1","'2020-08-14T20:52:01.132+00:00'","'2020-08-14T20:52:01.132+00:00'"
"1138","'?'w'","2","7","'?'uw+?'uw=úl'umx?'","'ch'uwch'uwu'lumkhw'","''","'eeri[e], weird. (eerie. (lit. It is a territory that is usually without people, a lonely, weird, mysterious place)'","'adj.'","''","':'","null","null","1","'2020-08-14T20:52:01.138+00:00'","'2020-08-14T20:52:01.138+00:00'"
"1139","'?'w?'","0","1","'?'íwe?'","'ch'iwe''","'?'","'father (...of deceased mother).'","'n.'","''","''","null","null","1","'2020-08-14T20:52:01.151+00:00'","'2020-08-14T20:52:01.151+00:00'"
"1140","'?'w''","0","1","'?'ew''","'ch'e'w'","'?'","'cylinder. (lit. to be large, cylinder shaped)'","'adj.'","''","':'","null","null","1","'2020-08-14T20:52:01.157+00:00'","'2020-08-14T20:52:01.157+00:00'"
"1141","'?'w''","0","2","'t+?'éw'=e?t'","'tch'e'wecht'","'//'","'bough, limb. (lit. a large arm (hand)'","'n.'","''","''","null","null","1","'2020-08-14T20:52:01.167+00:00'","'2020-08-14T20:52:01.167+00:00'"
"1142","'?'w''","0","3","'?'uw'=íl'k?e?'","'ch'u'wi'lkwe''","''","'comber, billow. (lit. a large wave)'","'n.'","''","''","null","null","1","'2020-08-14T20:52:01.173+00:00'","'2020-08-14T20:52:01.173+00:00'"
"1143","'?'w''","0","4","'hn+?'áw'=qn'","'hnch'a'wqn'","''","'bass, basso. (lit. He has a wide girth at the head, he has a deep (low) voice)'","'n.'","''","''","null","null","1","'2020-08-14T20:52:01.184+00:00'","'2020-08-14T20:52:01.184+00:00'"
"1144","'?'w''","0","5","'hn+?'+?'áw'=qn'","'hnch'ch'a'wqn'","''","'baritone. (lit. little deep voice)'","'n.'","''","''","null","null","1","'2020-08-14T20:52:01.193+00:00'","'2020-08-14T20:52:01.193+00:00'"
"1145","'?'w''","0","6","'?n+hn+?'aw'=qn'","'chn(h)nch'a'wqn'","''","'voice (to have a deep voice).'","'vi.'","''","''","null","null","1","'2020-08-14T20:52:01.202+00:00'","'2020-08-14T20:52:01.202+00:00'"
"1146","'?'w''","0","7","'?n?n+?'áw'=qn'","'chnnch'a'wqn'","''","'voice (I have a deep...).'","'n.'","''","''","null","null","1","'2020-08-14T20:52:01.211+00:00'","'2020-08-14T20:52:01.211+00:00'"
"1147","'?'w''","0","8","'?n?(h)n+?'aw'=qn'","'chn(h)nch'a'wqn'","''","'deep (voice). (lit. I have a deep voice)'","'vi., adj.'","''","':'","null","null","1","'2020-08-14T20:52:01.221+00:00'","'2020-08-14T20:52:01.221+00:00'"
"1148","'?'w''","0","9","'??g?u?+n+?'áw'=qn'","'chgu?nch'a'wqn'","''","'lit. we have deep voices.'","'vt.'","'[xref ?w']'","''","null","null","1","'2020-08-14T20:52:01.235+00:00'","'2020-08-14T20:52:01.235+00:00'"
"1149","'?'x?'","1","1","'?'ax?'","'ch'akhw!'","'?'","'clack, clang, clop. (lit. sound of hard object striking another)'","'vi.'","''","''","null","null","1","'2020-08-14T20:52:01.251+00:00'","'2020-08-14T20:52:01.251+00:00'"
"1150","'?'x?'","1","2","'u· ?'áx?'","'uuch'akhw'","''","'clack. (lit. It went \'clack\')'","'vi.'","''","''","null","null","1","'2020-08-14T20:52:01.257+00:00'","'2020-08-14T20:52:01.257+00:00'"
"1151","'?'x?'","2","1","'?'ix?'","'ch'ikhw'","'?'","'lean against.'","'vi.'","''","''","null","null","1","'2020-08-14T20:52:01.269+00:00'","'2020-08-14T20:52:01.269+00:00'"
"1152","'?'x?'","2","2","'?'áx?=qn'","'ch'akhwqn'","''","'bolt. (lit. bolsterer of the head) pillow'","'n.'","''","''","null","null","1","'2020-08-14T20:52:01.281+00:00'","'2020-08-14T20:52:01.281+00:00'"
"1153","'?'x?'","2","3","'?'ax?=qn'","'ch'akhwqn'","''","'cushion, pillow. (lit. that on which the head is laid)'","'n.'","''","''","null","null","1","'2020-08-14T20:52:01.288+00:00'","'2020-08-14T20:52:01.288+00:00'"
"1154","'?'x?'","2","4","'?'íx?'","'ch'ikhw'","''","'lean (...against), lean.'","'stem vi.'","''","''","null","null","1","'2020-08-14T20:52:01.298+00:00'","'2020-08-14T20:52:01.298+00:00'"
"1155","'?'x?'","2","5","'e·+?'íx?+p=ens'","'eech'ikhwpens'","''","'chin, lean. (lit. He is leaning on his chin)'","'vi.'","''","''","null","null","1","'2020-08-14T20:52:01.304+00:00'","'2020-08-14T20:52:01.304+00:00'"
"1156","'?'x?'","2","6","'hn+?'ux?+?'ux?=áp=en'e?+m''","'hnch'ukhwch'ukhwape'ne''m'","''","'retired, slept. (lit. H/s laid his head against (something('","'vt.'","''","''","null","null","1","'2020-08-14T20:52:01.311+00:00'","'2020-08-14T20:52:01.311+00:00'"
"1157","'?'x?'","2","7","'?'ix??nt?s'","'ch'ikhwnts'","'?'","'He opened it; he removed or lifted it (ie. lid).'","'vt.'","''","''","null","null","1","'2020-08-14T20:52:01.327+00:00'","'2020-08-14T20:52:01.327+00:00'"
"1158","'?'x?'","2","8","'t+?'ix??nt?s'","'tch'ikhwnts'","''","'lean.'","'vi.'","''","''","null","null","1","'2020-08-14T20:52:01.337+00:00'","'2020-08-14T20:52:01.337+00:00'"
"1159","'?'x?'","3","1","'?'ux?+x?á?'","'ch'ukhukhwa''","'?'","'approximate, almost. (lit. slightly short of, not quite, just so much)'","'adj.'","''","':'","null","null","1","'2020-08-14T20:52:01.353+00:00'","'2020-08-14T20:52:01.353+00:00'"
"1160","'?'x?'","3","2","'?'ux?+x?a?'","'ch'ukhukhwa''","''","'almost.'","'adv.'","''","''","null","null","1","'2020-08-14T20:52:01.363+00:00'","'2020-08-14T20:52:01.363+00:00'"
"1161","'?'x?'","4","1","'s+?'éx?+x?'","'sch'ekhukhw'","'?'","'asthma, comsumption. (tuberculosis'","'n.'","''","''","null","null","1","'2020-08-14T20:52:01.37+00:00'","'2020-08-14T20:52:01.37+00:00'"
"1162","'?'x?'","4","2","'i·+?'éx?+x?'","'iich'ekhukhw'","''","'consumptive. (lit. He is consumptive)'","'adj.'","''","':'","null","null","1","'2020-08-14T20:52:01.379+00:00'","'2020-08-14T20:52:01.379+00:00'"
"1163","'?'x?'","1","1","'?'ax?'","'ch'aqh'","'?'","'push, shove. (lit. move to one side)'","'vi.'","''","''","null","null","1","'2020-08-14T20:52:01.386+00:00'","'2020-08-14T20:52:01.386+00:00'"
"1164","'?'x?'","1","2","'?'ax?+ax?+m'","'ch'aqhaqhm'","''","'move. (lit. it moved)'","'vt.'","''","''","null","null","1","'2020-08-14T20:52:01.399+00:00'","'2020-08-14T20:52:01.399+00:00'"
"1165","'?'x?'","1","3","'?'+?'ax?+ax?+m''","'ch'ch'aqhaqh'm'","''","'[b]udge, it was budged.'","'vi.'","''","''","null","null","1","'2020-08-14T20:52:01.407+00:00'","'2020-08-14T20:52:01.407+00:00'"
"1166","'?'x?'","1","4","'?'ax?+ax?=ípep'","'ch'aqhaqhipep'","'//'","'he moved along on his buttocks.'","'vi.'","''","''","null","null","1","'2020-08-14T20:52:01.42+00:00'","'2020-08-14T20:52:01.42+00:00'"
"1167","'?'x?'","1","5","'?'ax?+m?st?m'","'ch'aqhmstm'","'?'","'remove (he was removed).'","'vt.'","''","''","null","null","1","'2020-08-14T20:52:01.43+00:00'","'2020-08-14T20:52:01.43+00:00'"
"1168","'?'x?'","1","6","'?'ax?+m?stu?s'","'ch'aqhmstus'","''","'remove. (lit. he removed it)'","'vt.'","''","''","null","null","1","'2020-08-14T20:52:01.434+00:00'","'2020-08-14T20:52:01.434+00:00'"
"1169","'?'x?'","2","1","'?'ex?'","'ch'eqh'","'?'","'rub (against).'","'vt.'","''","''","null","null","1","'2020-08-14T20:52:01.44+00:00'","'2020-08-14T20:52:01.44+00:00'"
"1170","'?'x?'","2","2","'?'ex?=qn''","'ch'eqhq'n'","'//'","'helldiver, loon.'","'n.'","''","''","null","null","1","'2020-08-14T20:52:01.45+00:00'","'2020-08-14T20:52:01.45+00:00'"
"1171","'?'??'","0","1","'?'e??'","'ch'e(w'","'?'","'pray.'","'stem vi.'","''","''","null","null","1","'2020-08-14T20:52:01.461+00:00'","'2020-08-14T20:52:01.461+00:00'"
"1172","'?'??'","0","2","'s+t+?'é??+m'","'stch'e(um'","''","'congregation, fellowship, prayer, to pray. (lit. praying (together('","'n.'","''","''","null","null","1","'2020-08-14T20:52:01.474+00:00'","'2020-08-14T20:52:01.474+00:00'"
"1173","'?'??'","0","3","'hn+t+?'e??+emn'","'hntch'e(wemn'","''","'altar, church (Christian), place for praying, worship (place of...).'","'n.'","''","''","null","null","1","'2020-08-14T20:52:01.485+00:00'","'2020-08-14T20:52:01.485+00:00'"
"1174","'?'??'","0","4","'s+n+t+?'é??+emn'","'sntch'e(wemn'","''","'chapel, church. (lit. A meeting place for prayer)'","'n.'","''","''","null","null","1","'2020-08-14T20:52:01.491+00:00'","'2020-08-14T20:52:01.491+00:00'"
"1175","'?'??'","0","5","'ul+s+n+t+?'é??+emn'","'ulsntch'e(wemn'","''","'ecclesiastical.'","'adj.'","''","':'","null","null","1","'2020-08-14T20:52:01.505+00:00'","'2020-08-14T20:52:01.505+00:00'"
"1176","'?'??'","0","6","'s+t+?'é??=pele?'","'stch'e(wpele''","'//'","'benediction, benison, blessing, consecration, dedication. (lit. praying for the origin of one)'","'n.'","''","''","null","null","1","'2020-08-14T20:52:01.517+00:00'","'2020-08-14T20:52:01.517+00:00'"
"1177","'?'??'","0","7","'at+?'é??=pele?'","'atch'e(wpele''","''","'blessed, consecrated. (lit. Divine favor was invoked upon h/h/i)'","'vi., adj.'","''","':'","null","null","1","'2020-08-14T20:52:01.529+00:00'","'2020-08-14T20:52:01.529+00:00'"
"1178","'?'??'","0","8","'t+?'é??=ple??nt?s'","'tch'e(wple'nts'","'?'","'dedicate. (lit. He prayed for its special use)'","'v.'","''","''","null","null","1","'2020-08-14T20:52:01.535+00:00'","'2020-08-14T20:52:01.535+00:00'"
"1179","'?'??'","0","9","'t+?[']e??=pele??nt?s'","'tche(wpele'nts'","''","'bless, pray over.'","'vt.'","'[see also ?'rw]'","''","null","null","1","'2020-08-14T20:52:01.541+00:00'","'2020-08-14T20:52:01.541+00:00'"
"1180","'?'?'","1","1","'s+?'a?=qin'=?n''","'sch'a'qi'nsh'n'","'//'","'knee cap, knee joint, knee.'","'n.'","''","''","null","null","1","'2020-08-14T20:52:01.552+00:00'","'2020-08-14T20:52:01.552+00:00'"
"1181","'?'?'","2","1","'?'e?+?'","'ch'e'sh'","'?'","'condescend.'","'stem vi.'","''","''","null","null","1","'2020-08-14T20:52:01.558+00:00'","'2020-08-14T20:52:01.558+00:00'"
"1449","'g?p'","0","12","'t+g?áp=qn'","'tgwapqn'","''","'hair (H/s has thick...).'","'n.'","''","''","null","null","1","'2020-08-14T20:52:03.849+00:00'","'2020-08-14T20:52:03.849+00:00'"
"1182","'?'?'","2","2","'?'e?+?'e?=?n+mí?nt?se?x?'","'ch'e'ch'e'shnmintsekhw'","'?'","'condescend. (lit. You (a noble) humbled yourself before a humble person (me)'","'vi.'","''","''","null","null","1","'2020-08-14T20:52:01.575+00:00'","'2020-08-14T20:52:01.575+00:00'"
"1183","'dk'?'","0","1","'dik'?'","'dik'w'","'?'","'turn about in going (cross face).'","'vi.'","''","''","null","null","1","'2020-08-14T20:52:01.587+00:00'","'2020-08-14T20:52:01.587+00:00'"
"1184","'dk'?'","0","2","'e·+dík'?+s+m'","'eedik'wsm'","''","'ebb. (lit. It ebbs)'","'vi.'","''","''","null","null","1","'2020-08-14T20:52:01.603+00:00'","'2020-08-14T20:52:01.603+00:00'"
"1185","'dk'?'","0","3","'e·+dik'?+s+m'","'eedik'wsm'","''","'go, recede, return, ebbs. (lit. H/s/i recedes/goes back/returns)'","'vi.'","'[xref dx?]'","''","null","null","1","'2020-08-14T20:52:01.61+00:00'","'2020-08-14T20:52:01.61+00:00'"
"1186","'dl'","1","1","'del'","'del'","'?'","'sit (...up like animal).'","'stem vi.'","''","''","null","null","1","'2020-08-14T20:52:01.62+00:00'","'2020-08-14T20:52:01.62+00:00'"
"1187","'dl'","1","2","'e·+dél+ut'","'eedelut'","''","'haunches, seated. (lit. The dog is seated)'","'n., adj.'","''","':'","null","null","1","'2020-08-14T20:52:01.643+00:00'","'2020-08-14T20:52:01.643+00:00'"
"1188","'dl'","1","3","'e·+dél+dl+ut'","'eedeldlut'","''","'seated. (lit. The dogs are seated)'","'adj.'","''","':'","null","null","1","'2020-08-14T20:52:01.649+00:00'","'2020-08-14T20:52:01.649+00:00'"
"1189","'dl'","2","1","'dul'","'dul'","'?'","'sing (...warsong).'","'vi.'","''","''","null","null","1","'2020-08-14T20:52:01.656+00:00'","'2020-08-14T20:52:01.656+00:00'"
"1190","'dl'","3","1","'sí+dl=em?'","'Sidlemsh'","'?'","'Indians (Jocko Valley...of Montana).'","'n.'","''","''","null","null","1","'2020-08-14T20:52:01.665+00:00'","'2020-08-14T20:52:01.665+00:00'"
"1191","'dlk'?'","0","1","'delk'?'","'delk'w'","'?'","'cover entirely with cloth.'","'vt.'","''","''","null","null","1","'2020-08-14T20:52:01.669+00:00'","'2020-08-14T20:52:01.669+00:00'"
"1192","'dlm'","0","1","'delím'","'delim'","'?'","'galloped. (lit. He went riding a galloping horse)'","'vi.'","''","''","null","null","1","'2020-08-14T20:52:01.681+00:00'","'2020-08-14T20:52:01.681+00:00'"
"1193","'dlm'","0","2","'?+dlam=alq?'","'chdlamalqw'","''","'railway, train. (lit. he galloped on the log, rail, etc.)'","'n.'","''","''","null","null","1","'2020-08-14T20:52:01.685+00:00'","'2020-08-14T20:52:01.685+00:00'"
"1194","'dlm'","0","3","'?+dl+dlám=alq?'","'chdldlamalqw'","''","'trains.'","'n.'","''","''","null","null","1","'2020-08-14T20:52:01.691+00:00'","'2020-08-14T20:52:01.691+00:00'"
"1195","'dlm'","0","4","'hn+dlám=alqs'","'hndlamalqs'","''","'lit. He galloped along the road.'","'vt.'","''","''","null","null","1","'2020-08-14T20:52:01.698+00:00'","'2020-08-14T20:52:01.698+00:00'"
"1196","'dlm'","0","5","'dele[m]+l'e+s+?í+?e?'","'delen'leschiche''","'§'","'cause. (lit. He caused his horse to gallop)'","'vt.'","'[xref dl']'","''","null","null","1","'2020-08-14T20:52:01.711+00:00'","'2020-08-14T20:52:01.711+00:00'"
"1197","'dlq'?'","0","1","'dolq'?'","'dolq'w'","'?'","'person (...is strong).'","'stem n.'","''","''","null","null","1","'2020-08-14T20:52:01.719+00:00'","'2020-08-14T20:52:01.719+00:00'"
"1198","'dlq'?'","0","2","'dól+dolq'?+t'","'doldolq'wt'","''","'almighty, athletic, omnipotent, powerful (he is...), strong, virtuous.'","'adj.'","''","':'","null","null","1","'2020-08-14T20:52:01.727+00:00'","'2020-08-14T20:52:01.727+00:00'"
"1199","'dlq'?'","0","3","'s+dól+dolq'?+t'","'sdoldolq'wt'","''","'brawn, power (muscular...), strength, virtue.'","'n.'","''","''","null","null","1","'2020-08-14T20:52:01.737+00:00'","'2020-08-14T20:52:01.737+00:00'"
"1200","'dlq'?'","0","4","'hn+dol+dolq'?+t=íl'?+n'","'hndoldolq'wti'lshn'","'//'","'confirmation (sacrament of). (lit. means of becoming strong)'","'n.'","''","''","null","null","1","'2020-08-14T20:52:01.749+00:00'","'2020-08-14T20:52:01.749+00:00'"
"1201","'dlq'?'","0","5","'dol+dolq'?+t=íl'??st?m'","'doldolq'wti'lshstm'","'?'","'enable, confirm. (lit. he was strengthened)'","'vt.'","''","''","null","null","1","'2020-08-14T20:52:01.754+00:00'","'2020-08-14T20:52:01.754+00:00'"
"1202","'dlq'?'","0","6","'x?am+a+s+c'am' ? dol+dólq'?+t'","'qhamats'a'm ? doldolq'wt'","'§'","'burly, husky. (lit. He is heavy?boned and strong)'","'adj.'","''","':'","null","null","1","'2020-08-14T20:52:01.764+00:00'","'2020-08-14T20:52:01.764+00:00'"
"1203","'dlq'?'","0","7","'ti?x?+e?+n+dol+dolq'?+t=íl'?+n'","'ti'khwe?ndoldolq'wti'lshn'","''","'confirmed. (lit. He gained strength, he received the rite of confirmation)'","'vi.'","''","''","null","null","1","'2020-08-14T20:52:01.77+00:00'","'2020-08-14T20:52:01.77+00:00'"
"1204","'dl?'","0","1","'s+dílu?'","'sdilu'","'?'","'switch, whip.'","'n.'","''","''","null","null","1","'2020-08-14T20:52:01.778+00:00'","'2020-08-14T20:52:01.778+00:00'"
"1205","'dl''","1","1","'e·+del''","'eede'l'","'?'","'bush, plant, shrub, a low branching woody plant.'","'n.'","''","''","null","null","1","'2020-08-14T20:52:01.787+00:00'","'2020-08-14T20:52:01.787+00:00'"
"1206","'dl''","2","1","'dul''","'du'l'","'?'","'run (...away).'","'vi.'","''","''","null","null","1","'2020-08-14T20:52:01.799+00:00'","'2020-08-14T20:52:01.799+00:00'"
"1207","'dl''","2","2","'?+dul'+m+ncut'","'chdu'lmntsut'","''","'elope, run away. (lit. we ran away)'","'vi.'","''","''","null","null","1","'2020-08-14T20:52:01.811+00:00'","'2020-08-14T20:52:01.811+00:00'"
"1208","'dl''","2","3","'?+dúl'+m+ncut'","'chdu'lmntsut'","''","'elope.'","'vi.'","'[xref dlm]'","''","null","null","1","'2020-08-14T20:52:01.828+00:00'","'2020-08-14T20:52:01.828+00:00'"
"1209","'dl'p'","0","1","'?+del'p+dil'p'","'chde'lpdi'lp'","'?'","'bat (mammal). (vampire'","'n.'","''","''","null","null","1","'2020-08-14T20:52:01.836+00:00'","'2020-08-14T20:52:01.836+00:00'"
"1210","'d?'","0","1","'di?'","'di?'","'?'","'rustle, shake.'","'stem vt.'","''","''","null","null","1","'2020-08-14T20:52:01.845+00:00'","'2020-08-14T20:52:01.845+00:00'"
"1211","'d?'","0","2","'du?+du?+p'","'du?du?p'","''","'poplar tree.'","'n.'","''","''","null","null","1","'2020-08-14T20:52:01.849+00:00'","'2020-08-14T20:52:01.849+00:00'"
"1212","'d?'","0","3","'s+dar+e?+dú?+du?+p'","'sdare?du?du?p'","'§'","'poplar (species of...). (lit. small round leaves that rustle?white bark with spots and stripes)'","'n.'","''","''","null","null","1","'2020-08-14T20:52:01.854+00:00'","'2020-08-14T20:52:01.854+00:00'"
"1213","'d?'","0","4","'dar+e?+dú?+du?+p'","'dare?du?du?p'","''","'poplars (with small round leaves).'","'n.'","''","''","null","null","1","'2020-08-14T20:52:01.863+00:00'","'2020-08-14T20:52:01.863+00:00'"
"1214","'d?'","0","5","'s+miye?+dí?+m+?e?'","'smiye?di?mshesh'","''","'concussion. (lit. more than ordinary jarring)'","'n.'","''","''","null","null","1","'2020-08-14T20:52:01.872+00:00'","'2020-08-14T20:52:01.872+00:00'"
"1215","'dm'","1","1","'a·dám'","'Aadam'","'?'","'Adam.'","'n.'","''","''","null","null","1","'2020-08-14T20:52:01.885+00:00'","'2020-08-14T20:52:01.885+00:00'"
"1216","'dm'","2","1","'dm=íne?'","'dmine''","'//'","'birdhouse, nest.'","'n.'","''","''","null","null","1","'2020-08-14T20:52:01.89+00:00'","'2020-08-14T20:52:01.89+00:00'"
"1217","'dm'","2","2","'hn+?+dm=íne?=k?e?'","'Hnchdmine'kwe''","''","'Moctelme Creek. (lit. nest creek)'","'n.'","''","''","null","null","1","'2020-08-14T20:52:01.901+00:00'","'2020-08-14T20:52:01.901+00:00'"
"1218","'dm'","3","1","'dem'","'dem'","'?'","'be very old.'","'vi.'","''","''","null","null","1","'2020-08-14T20:52:01.907+00:00'","'2020-08-14T20:52:01.907+00:00'"
"1219","'dm'","3","2","'dém+m'","'demm'","''","'decrepit. (lit. H/s grew old)'","'adj.'","''","':'","null","null","1","'2020-08-14T20:52:01.916+00:00'","'2020-08-14T20:52:01.916+00:00'"
"1220","'dm'","3","3","'i·+dém+m'","'iidemm'","''","'effete. (lit. He is wearing out as a result of age)'","'adj.'","''","':'","null","null","1","'2020-08-14T20:52:01.921+00:00'","'2020-08-14T20:52:01.921+00:00'"
"1221","'dm'","3","4","'s+dém+m'","'sdemm'","''","'age (decrepid...), old age.'","'n.'","''","''","null","null","1","'2020-08-14T20:52:01.931+00:00'","'2020-08-14T20:52:01.931+00:00'"
"1222","'dm'","4","1","'s+dúm=cn'","'sdumtsn'","'//'","'bosom friend, chum, friend (intimate...).'","'n.'","''","''","null","null","1","'2020-08-14T20:52:01.934+00:00'","'2020-08-14T20:52:01.934+00:00'"
"1223","'dm'","4","2","'s+dum=cn=íw'es'","'sdumtsni'wes'","''","'chum. (lit. They are good friends)'","'vi.'","''","''","null","null","1","'2020-08-14T20:52:01.943+00:00'","'2020-08-14T20:52:01.943+00:00'"
"1224","'dn'","1","1","'de·n+yél'","'Deenyel'","'?'","'Daniel.'","'n.'","''","''","null","null","1","'2020-08-14T20:52:01.949+00:00'","'2020-08-14T20:52:01.949+00:00'"
"1225","'dn'","1","2","'den'","'Den'","''","'Dan'","'proper name'","''","''","null","null","1","'2020-08-14T20:52:01.953+00:00'","'2020-08-14T20:52:01.953+00:00'"
"1226","'dn'","1","3","'di·ní'","'Diini'","''","'Denny.'","'n.'","''","''","null","null","1","'2020-08-14T20:52:01.958+00:00'","'2020-08-14T20:52:01.958+00:00'"
"1227","'dn'","2","1","'u·+dún'.'","'uudu'n'","'?'","'moved (it suddenly...).'","'vi.'","''","''","null","null","1","'2020-08-14T20:52:01.967+00:00'","'2020-08-14T20:52:01.967+00:00'"
"1228","'dpt'","0","1","'da·pít'","'Daapit'","'?'","'David.'","'n.'","''","''","null","null","1","'2020-08-14T20:52:01.976+00:00'","'2020-08-14T20:52:01.976+00:00'"
"1229","'dq''","0","1","'daq''","'daq''","'?'","'peer (...through cracks).'","'vi.'","''","''","null","null","1","'2020-08-14T20:52:01.987+00:00'","'2020-08-14T20:52:01.987+00:00'"
"1230","'dq'?'","0","1","'doq'?'","'doq'w'","'?'","'wood (...is rotten).'","'stem n.'","''","''","null","null","1","'2020-08-14T20:52:01.995+00:00'","'2020-08-14T20:52:01.995+00:00'"
"1231","'dr'","0","1","'dar'","'dar'","'?'","'curved objects stand with concave surface up.'","'vi.'","''","''","null","null","1","'2020-08-14T20:52:01.999+00:00'","'2020-08-14T20:52:01.999+00:00'"
"1232","'dr'","0","2","'?a+dar+mín+n'","'chadarminn'","''","'table (for pots, pans, pails).'","'n.'","''","''","null","null","1","'2020-08-14T20:52:02.002+00:00'","'2020-08-14T20:52:02.002+00:00'"
"1233","'dr'","0","3","'?a?+dár=en?'","'a?darench'","'//'","'moon, sun.'","'n.'","''","''","null","null","1","'2020-08-14T20:52:02.008+00:00'","'2020-08-14T20:52:02.008+00:00'"
"1234","'dr'","0","4","'?a?+d+dar'=ín'?'","'a?dda'ri'nc'","''","'clock, sundial, timepiece, watch, chronometer, little sun.'","'n.'","''","''","null","null","1","'2020-08-14T20:52:02.019+00:00'","'2020-08-14T20:52:02.019+00:00'"
"1235","'dr'","0","5","'?ap?+?a?+dar=en[?]'","'ap?'a?darensh'","''","'clear, sunny (to be...). (lit. It has sun)'","'vi.'","''","''","null","null","1","'2020-08-14T20:52:02.032+00:00'","'2020-08-14T20:52:02.032+00:00'"
"1236","'dr'","0","6","'dáre?nt?s'","'darents'","''","'He set the table (lit. He set vessels upright).'","'vt.'","''","''","null","null","1","'2020-08-14T20:52:02.039+00:00'","'2020-08-14T20:52:02.039+00:00'"
"1237","'dr'","0","7","'s+t'uk'?+k'?=ip+ms ha??+dar=en?'","'st'uk'uk'wipms ha'?darench'","'?§'","'calends, the first day of the month (lit. its beginning what is a moon).'","'n.'","''","''","null","null","1","'2020-08-14T20:52:02.048+00:00'","'2020-08-14T20:52:02.048+00:00'"
"1238","'dr'","0","8","'s+can+q'?enp'+e?+?a?+dár=en?'","'stsanq'wenp'e?'a?darench'","''","'eclipse. (lit. sun/moon going behind something)'","'n.'","''","''","null","null","1","'2020-08-14T20:52:02.059+00:00'","'2020-08-14T20:52:02.059+00:00'"
"1239","'dr'","